2017,1,1,1,Sunday,1930
2017,1,2,2,Monday,1930
2017,1,3,3,Tuesday,1930
2017,1,4,4,Wednesday,1930
2017,1,5,5,Thursday,1930
2017,1,6,6,Friday,1930
2017,1,7,7,Saturday,1930
2017,1,8,8,Sunday,1931
2017,1,9,9,Monday,1931
2017,1,10,10,Tuesday,1931
2017,1,11,11,Wednesday,1931
2017,1,12,12,Thursday,1931
2017,1,13,13,Friday,1931
2017,1,14,14,Saturday,1931
2017,1,15,15,Sunday,1932
2017,1,16,16,Monday,1932
2017,1,17,17,Tuesday,1932
2017,1,18,18,Wednesday,1932
2017,1,19,19,Thursday,1932
2017,1,20,20,Friday,1932
2017,1,21,21,Saturday,1932
2017,1,22,22,Sunday,1933
2017,1,23,23,Monday,1933
2017,1,24,24,Tuesday,1933
2017,1,25,25,Wednesday,1933
2017,1,26,26,Thursday,1933
2017,1,27,27,Friday,1933
2017,1,28,28,Saturday,1933
2017,1,29,29,Sunday,1934
2017,1,30,30,Monday,1934
2017,1,31,31,Tuesday,1934
2017,2,1,32,Wednesday,1934
2017,2,2,33,Thursday,1934
2017,2,3,34,Friday,1934
2017,2,4,35,Saturday,1934
2017,2,5,36,Sunday,1935
2017,2,6,37,Monday,1935
2017,2,7,38,Tuesday,1935
2017,2,8,39,Wednesday,1935
2017,2,9,40,Thursday,1935
2017,2,10,41,Friday,1935
2017,2,11,42,Saturday,1935
2017,2,12,43,Sunday,1936
2017,2,13,44,Monday,1936
2017,2,14,45,Tuesday,1936
2017,2,15,46,Wednesday,1936
2017,2,16,47,Thursday,1936
2017,2,17,48,Friday,1936
2017,2,18,49,Saturday,1936
2017,2,19,50,Sunday,1937
2017,2,20,51,Monday,1937
2017,2,21,52,Tuesday,1937
2017,2,22,53,Wednesday,1937
2017,2,23,54,Thursday,1937
2017,2,24,55,Friday,1937
2017,2,25,56,Saturday,1937
2017,2,26,57,Sunday,1938
2017,2,27,58,Monday,1938
2017,2,28,59,Tuesday,1938
2017,3,1,60,Wednesday,1938
2017,3,2,61,Thursday,1938
2017,3,3,62,Friday,1938
2017,3,4,63,Saturday,1938
2017,3,5,64,Sunday,1939
2017,3,6,65,Monday,1939
2017,3,7,66,Tuesday,1939
2017,3,8,67,Wednesday,1939
2017,3,9,68,Thursday,1939
2017,3,10,69,Friday,1939
2017,3,11,70,Saturday,1939
2017,3,12,71,Sunday,1940
2017,3,13,72,Monday,1940
2017,3,14,73,Tuesday,1940
2017,3,15,74,Wednesday,1940
2017,3,16,75,Thursday,1940
2017,3,17,76,Friday,1940
2017,3,18,77,Saturday,1940
2017,3,19,78,Sunday,1941
2017,3,20,79,Monday,1941
2017,3,21,80,Tuesday,1941
2017,3,22,81,Wednesday,1941
2017,3,23,82,Thursday,1941
2017,3,24,83,Friday,1941
2017,3,25,84,Saturday,1941
2017,3,26,85,Sunday,1942
2017,3,27,86,Monday,1942
2017,3,28,87,Tuesday,1942
2017,3,29,88,Wednesday,1942
2017,3,30,89,Thursday,1942
2017,3,31,90,Friday,1942
2017,4,1,91,Saturday,1942
2017,4,2,92,Sunday,1943
2017,4,3,93,Monday,1943
2017,4,4,94,Tuesday,1943
2017,4,5,95,Wednesday,1943
2017,4,6,96,Thursday,1943
2017,4,7,97,Friday,1943
2017,4,8,98,Saturday,1943
2017,4,9,99,Sunday,1944
2017,4,10,100,Monday,1944
2017,4,11,101,Tuesday,1944
2017,4,12,102,Wednesday,1944
2017,4,13,103,Thursday,1944
2017,4,14,104,Friday,1944
2017,4,15,105,Saturday,1944
2017,4,16,106,Sunday,1945
2017,4,17,107,Monday,1945
2017,4,18,108,Tuesday,1945
2017,4,19,109,Wednesday,1945
2017,4,20,110,Thursday,1945
2017,4,21,111,Friday,1945
2017,4,22,112,Saturday,1945
2017,4,23,113,Sunday,1946
2017,4,24,114,Monday,1946
2017,4,25,115,Tuesday,1946
2017,4,26,116,Wednesday,1946
2017,4,27,117,Thursday,1946
2017,4,28,118,Friday,1946
2017,4,29,119,Saturday,1946
2017,4,30,120,Sunday,1947
2017,5,1,121,Monday,1947
2017,5,2,122,Tuesday,1947
2017,5,3,123,Wednesday,1947
2017,5,4,124,Thursday,1947
2017,5,5,125,Friday,1947
2017,5,6,126,Saturday,1947
2017,5,7,127,Sunday,1948
2017,5,8,128,Monday,1948
2017,5,9,129,Tuesday,1948
2017,5,10,130,Wednesday,1948
2017,5,11,131,Thursday,1948
2017,5,12,132,Friday,1948
2017,5,13,133,Saturday,1948
2017,5,14,134,Sunday,1949
2017,5,15,135,Monday,1949
2017,5,16,136,Tuesday,1949
2017,5,17,137,Wednesday,1949
2017,5,18,138,Thursday,1949
2017,5,19,139,Friday,1949
2017,5,20,140,Saturday,1949
2017,5,21,141,Sunday,1950
2017,5,22,142,Monday,1950
2017,5,23,143,Tuesday,1950
2017,5,24,144,Wednesday,1950
2017,5,25,145,Thursday,1950
2017,5,26,146,Friday,1950
2017,5,27,147,Saturday,1950
2017,5,28,148,Sunday,1951
2017,5,29,149,Monday,1951
2017,5,30,150,Tuesday,1951
2017,5,31,151,Wednesday,1951
2017,6,1,152,Thursday,1951
2017,6,2,153,Friday,1951
2017,6,3,154,Saturday,1951
2017,6,4,155,Sunday,1952
2017,6,5,156,Monday,1952
2017,6,6,157,Tuesday,1952
2017,6,7,158,Wednesday,1952
2017,6,8,159,Thursday,1952
2017,6,9,160,Friday,1952
2017,6,10,161,Saturday,1952
2017,6,11,162,Sunday,1953
2017,6,12,163,Monday,1953
2017,6,13,164,Tuesday,1953
2017,6,14,165,Wednesday,1953
2017,6,15,166,Thursday,1953
2017,6,16,167,Friday,1953
2017,6,17,168,Saturday,1953
2017,6,18,169,Sunday,1954
2017,6,19,170,Monday,1954
2017,6,20,171,Tuesday,1954
2017,6,21,172,Wednesday,1954
2017,6,22,173,Thursday,1954
2017,6,23,174,Friday,1954
2017,6,24,175,Saturday,1954
2017,6,25,176,Sunday,1955
2017,6,26,177,Monday,1955
2017,6,27,178,Tuesday,1955
2017,6,28,179,Wednesday,1955
2017,6,29,180,Thursday,1955
2017,6,30,181,Friday,1955
2017,7,1,182,Saturday,1955
2017,7,2,183,Sunday,1956
2017,7,3,184,Monday,1956
2017,7,4,185,Tuesday,1956
2017,7,5,186,Wednesday,1956
2017,7,6,187,Thursday,1956
2017,7,7,188,Friday,1956
2017,7,8,189,Saturday,1956
2017,7,9,190,Sunday,1957
2017,7,10,191,Monday,1957
2017,7,11,192,Tuesday,1957
2017,7,12,193,Wednesday,1957
2017,7,13,194,Thursday,1957
2017,7,14,195,Friday,1957
2017,7,15,196,Saturday,1957
2017,7,16,197,Sunday,1958
2017,7,17,198,Monday,1958
2017,7,18,199,Tuesday,1958
2017,7,19,200,Wednesday,1958
2017,7,20,201,Thursday,1958
2017,7,21,202,Friday,1958
2017,7,22,203,Saturday,1958
2017,7,23,204,Sunday,1959
2017,7,24,205,Monday,1959
2017,7,25,206,Tuesday,1959
2017,7,26,207,Wednesday,1959
2017,7,27,208,Thursday,1959
2017,7,28,209,Friday,1959
2017,7,29,210,Saturday,1959
2017,7,30,211,Sunday,1960
2017,7,31,212,Monday,1960
2017,8,1,213,Tuesday,1960
2017,8,2,214,Wednesday,1960
2017,8,3,215,Thursday,1960
2017,8,4,216,Friday,1960
2017,8,5,217,Saturday,1960
2017,8,6,218,Sunday,1961
2017,8,7,219,Monday,1961
2017,8,8,220,Tuesday,1961
2017,8,9,221,Wednesday,1961
2017,8,10,222,Thursday,1961
2017,8,11,223,Friday,1961
2017,8,12,224,Saturday,1961
2017,8,13,225,Sunday,1962
2017,8,14,226,Monday,1962
2017,8,15,227,Tuesday,1962
2017,8,16,228,Wednesday,1962
2017,8,17,229,Thursday,1962
2017,8,18,230,Friday,1962
2017,8,19,231,Saturday,1962
2017,8,20,232,Sunday,1963
2017,8,21,233,Monday,1963
2017,8,22,234,Tuesday,1963
2017,8,23,235,Wednesday,1963
2017,8,24,236,Thursday,1963
2017,8,25,237,Friday,1963
2017,8,26,238,Saturday,1963
2017,8,27,239,Sunday,1964
2017,8,28,240,Monday,1964
2017,8,29,241,Tuesday,1964
2017,8,30,242,Wednesday,1964
2017,8,31,243,Thursday,1964
2017,9,1,244,Friday,1964
2017,9,2,245,Saturday,1964
2017,9,3,246,Sunday,1965
2017,9,4,247,Monday,1965
2017,9,5,248,Tuesday,1965
2017,9,6,249,Wednesday,1965
2017,9,7,250,Thursday,1965
2017,9,8,251,Friday,1965
2017,9,9,252,Saturday,1965
2017,9,10,253,Sunday,1966
2017,9,11,254,Monday,1966
2017,9,12,255,Tuesday,1966
2017,9,13,256,Wednesday,1966
2017,9,14,257,Thursday,1966
2017,9,15,258,Friday,1966
2017,9,16,259,Saturday,1966
2017,9,17,260,Sunday,1967
2017,9,18,261,Monday,1967
2017,9,19,262,Tuesday,1967
2017,9,20,263,Wednesday,1967
2017,9,21,264,Thursday,1967
2017,9,22,265,Friday,1967
2017,9,23,266,Saturday,1967
2017,9,24,267,Sunday,1968
2017,9,25,268,Monday,1968
2017,9,26,269,Tuesday,1968
2017,9,27,270,Wednesday,1968
2017,9,28,271,Thursday,1968
2017,9,29,272,Friday,1968
2017,9,30,273,Saturday,1968
2017,10,1,274,Sunday,1969
2017,10,2,275,Monday,1969
2017,10,3,276,Tuesday,1969
2017,10,4,277,Wednesday,1969
2017,10,5,278,Thursday,1969
2017,10,6,279,Friday,1969
2017,10,7,280,Saturday,1969
2017,10,8,281,Sunday,1970
2017,10,9,282,Monday,1970
2017,10,10,283,Tuesday,1970
2017,10,11,284,Wednesday,1970
2017,10,12,285,Thursday,1970
2017,10,13,286,Friday,1970
2017,10,14,287,Saturday,1970
2017,10,15,288,Sunday,1971
2017,10,16,289,Monday,1971
2017,10,17,290,Tuesday,1971
2017,10,18,291,Wednesday,1971
2017,10,19,292,Thursday,1971
2017,10,20,293,Friday,1971
2017,10,21,294,Saturday,1971
2017,10,22,295,Sunday,1972
2017,10,23,296,Monday,1972
2017,10,24,297,Tuesday,1972
2017,10,25,298,Wednesday,1972
2017,10,26,299,Thursday,1972
2017,10,27,300,Friday,1972
2017,10,28,301,Saturday,1972
2017,10,29,302,Sunday,1973
2017,10,30,303,Monday,1973
2017,10,31,304,Tuesday,1973
2017,11,1,305,Wednesday,1973
2017,11,2,306,Thursday,1973
2017,11,3,307,Friday,1973
2017,11,4,308,Saturday,1973
2017,11,5,309,Sunday,1974
2017,11,6,310,Monday,1974
2017,11,7,311,Tuesday,1974
2017,11,8,312,Wednesday,1974
2017,11,9,313,Thursday,1974
2017,11,10,314,Friday,1974
2017,11,11,315,Saturday,1974
2017,11,12,316,Sunday,1975
2017,11,13,317,Monday,1975
2017,11,14,318,Tuesday,1975
2017,11,15,319,Wednesday,1975
2017,11,16,320,Thursday,1975
2017,11,17,321,Friday,1975
2017,11,18,322,Saturday,1975
2017,11,19,323,Sunday,1976
2017,11,20,324,Monday,1976
2017,11,21,325,Tuesday,1976
2017,11,22,326,Wednesday,1976
2017,11,23,327,Thursday,1976
2017,11,24,328,Friday,1976
2017,11,25,329,Saturday,1976
2017,11,26,330,Sunday,1977
2017,11,27,331,Monday,1977
2017,11,28,332,Tuesday,1977
2017,11,29,333,Wednesday,1977
2017,11,30,334,Thursday,1977
2017,12,1,335,Friday,1977
2017,12,2,336,Saturday,1977
2017,12,3,337,Sunday,1978
2017,12,4,338,Monday,1978
2017,12,5,339,Tuesday,1978
2017,12,6,340,Wednesday,1978
2017,12,7,341,Thursday,1978
2017,12,8,342,Friday,1978
2017,12,9,343,Saturday,1978
2017,12,10,344,Sunday,1979
2017,12,11,345,Monday,1979
2017,12,12,346,Tuesday,1979
2017,12,13,347,Wednesday,1979
2017,12,14,348,Thursday,1979
2017,12,15,349,Friday,1979
2017,12,16,350,Saturday,1979
2017,12,17,351,Sunday,1980
2017,12,18,352,Monday,1980
2017,12,19,353,Tuesday,1980
2017,12,20,354,Wednesday,1980
2017,12,21,355,Thursday,1980
2017,12,22,356,Friday,1980
2017,12,23,357,Saturday,1980
2017,12,24,358,Sunday,1981
2017,12,25,359,Monday,1981
2017,12,26,360,Tuesday,1981
2017,12,27,361,Wednesday,1981
2017,12,28,362,Thursday,1981
2017,12,29,363,Friday,1981
2017,12,30,364,Saturday,1981
2017,12,31,365,Sunday,1982
2018,1,1,1,Monday,1982
2018,1,2,2,Tuesday,1982
2018,1,3,3,Wednesday,1982
2018,1,4,4,Thursday,1982
2018,1,5,5,Friday,1982
2018,1,6,6,Saturday,1982
2018,1,7,7,Sunday,1983
2018,1,8,8,Monday,1983
2018,1,9,9,Tuesday,1983
2018,1,10,10,Wednesday,1983
2018,1,11,11,Thursday,1983
2018,1,12,12,Friday,1983
2018,1,13,13,Saturday,1983
2018,1,14,14,Sunday,1984
2018,1,15,15,Monday,1984
2018,1,16,16,Tuesday,1984
2018,1,17,17,Wednesday,1984
2018,1,18,18,Thursday,1984
2018,1,19,19,Friday,1984
2018,1,20,20,Saturday,1984
2018,1,21,21,Sunday,1985
2018,1,22,22,Monday,1985
2018,1,23,23,Tuesday,1985
2018,1,24,24,Wednesday,1985
2018,1,25,25,Thursday,1985
2018,1,26,26,Friday,1985
2018,1,27,27,Saturday,1985
2018,1,28,28,Sunday,1986
2018,1,29,29,Monday,1986
2018,1,30,30,Tuesday,1986
2018,1,31,31,Wednesday,1986
2018,2,1,32,Thursday,1986
2018,2,2,33,Friday,1986
2018,2,3,34,Saturday,1986
2018,2,4,35,Sunday,1987
2018,2,5,36,Monday,1987
2018,2,6,37,Tuesday,1987
2018,2,7,38,Wednesday,1987
2018,2,8,39,Thursday,1987
2018,2,9,40,Friday,1987
2018,2,10,41,Saturday,1987
2018,2,11,42,Sunday,1988
2018,2,12,43,Monday,1988
2018,2,13,44,Tuesday,1988
2018,2,14,45,Wednesday,1988
2018,2,15,46,Thursday,1988
2018,2,16,47,Friday,1988
2018,2,17,48,Saturday,1988
2018,2,18,49,Sunday,1989
2018,2,19,50,Monday,1989
2018,2,20,51,Tuesday,1989
2018,2,21,52,Wednesday,1989
2018,2,22,53,Thursday,1989
2018,2,23,54,Friday,1989
2018,2,24,55,Saturday,1989
2018,2,25,56,Sunday,1990
2018,2,26,57,Monday,1990
2018,2,27,58,Tuesday,1990
2018,2,28,59,Wednesday,1990
2018,3,1,60,Thursday,1990
2018,3,2,61,Friday,1990
2018,3,3,62,Saturday,1990
2018,3,4,63,Sunday,1991
2018,3,5,64,Monday,1991
2018,3,6,65,Tuesday,1991
2018,3,7,66,Wednesday,1991
2018,3,8,67,Thursday,1991
2018,3,9,68,Friday,1991
2018,3,10,69,Saturday,1991
2018,3,11,70,Sunday,1992
2018,3,12,71,Monday,1992
2018,3,13,72,Tuesday,1992
2018,3,14,73,Wednesday,1992
2018,3,15,74,Thursday,1992
2018,3,16,75,Friday,1992
2018,3,17,76,Saturday,1992
2018,3,18,77,Sunday,1993
2018,3,19,78,Monday,1993
2018,3,20,79,Tuesday,1993
2018,3,21,80,Wednesday,1993
2018,3,22,81,Thursday,1993
2018,3,23,82,Friday,1993
2018,3,24,83,Saturday,1993
2018,3,25,84,Sunday,1994
2018,3,26,85,Monday,1994
2018,3,27,86,Tuesday,1994
2018,3,28,87,Wednesday,1994
2018,3,29,88,Thursday,1994
2018,3,30,89,Friday,1994
2018,3,31,90,Saturday,1994
2018,4,1,91,Sunday,1995
2018,4,2,92,Monday,1995
2018,4,3,93,Tuesday,1995
2018,4,4,94,Wednesday,1995
2018,4,5,95,Thursday,1995
2018,4,6,96,Friday,1995
2018,4,7,97,Saturday,1995
2018,4,8,98,Sunday,1996
2018,4,9,99,Monday,1996
2018,4,10,100,Tuesday,1996
2018,4,11,101,Wednesday,1996
2018,4,12,102,Thursday,1996
2018,4,13,103,Friday,1996
2018,4,14,104,Saturday,1996
2018,4,15,105,Sunday,1997
2018,4,16,106,Monday,1997
2018,4,17,107,Tuesday,1997
2018,4,18,108,Wednesday,1997
2018,4,19,109,Thursday,1997
2018,4,20,110,Friday,1997
2018,4,21,111,Saturday,1997
2018,4,22,112,Sunday,1998
2018,4,23,113,Monday,1998
2018,4,24,114,Tuesday,1998
2018,4,25,115,Wednesday,1998
2018,4,26,116,Thursday,1998
2018,4,27,117,Friday,1998
2018,4,28,118,Saturday,1998
2018,4,29,119,Sunday,1999
2018,4,30,120,Monday,1999
2018,5,1,121,Tuesday,1999
2018,5,2,122,Wednesday,1999
2018,5,3,123,Thursday,1999
2018,5,4,124,Friday,1999
2018,5,5,125,Saturday,1999
2018,5,6,126,Sunday,2000
2018,5,7,127,Monday,2000
2018,5,8,128,Tuesday,2000
2018,5,9,129,Wednesday,2000
2018,5,10,130,Thursday,2000
2018,5,11,131,Friday,2000
2018,5,12,132,Saturday,2000
2018,5,13,133,Sunday,2001
2018,5,14,134,Monday,2001
2018,5,15,135,Tuesday,2001
2018,5,16,136,Wednesday,2001
2018,5,17,137,Thursday,2001
2018,5,18,138,Friday,2001
2018,5,19,139,Saturday,2001
2018,5,20,140,Sunday,2002
2018,5,21,141,Monday,2002
2018,5,22,142,Tuesday,2002
2018,5,23,143,Wednesday,2002
2018,5,24,144,Thursday,2002
2018,5,25,145,Friday,2002
2018,5,26,146,Saturday,2002
2018,5,27,147,Sunday,2003
2018,5,28,148,Monday,2003
2018,5,29,149,Tuesday,2003
2018,5,30,150,Wednesday,2003
2018,5,31,151,Thursday,2003
2018,6,1,152,Friday,2003
2018,6,2,153,Saturday,2003
2018,6,3,154,Sunday,2004
2018,6,4,155,Monday,2004
2018,6,5,156,Tuesday,2004
2018,6,6,157,Wednesday,2004
2018,6,7,158,Thursday,2004
2018,6,8,159,Friday,2004
2018,6,9,160,Saturday,2004
2018,6,10,161,Sunday,2005
2018,6,11,162,Monday,2005
2018,6,12,163,Tuesday,2005
2018,6,13,164,Wednesday,2005
2018,6,14,165,Thursday,2005
2018,6,15,166,Friday,2005
2018,6,16,167,Saturday,2005
2018,6,17,168,Sunday,2006
2018,6,18,169,Monday,2006
2018,6,19,170,Tuesday,2006
2018,6,20,171,Wednesday,2006
2018,6,21,172,Thursday,2006
2018,6,22,173,Friday,2006
2018,6,23,174,Saturday,2006
2018,6,24,175,Sunday,2007
2018,6,25,176,Monday,2007
2018,6,26,177,Tuesday,2007
2018,6,27,178,Wednesday,2007
2018,6,28,179,Thursday,2007
2018,6,29,180,Friday,2007
2018,6,30,181,Saturday,2007
2018,7,1,182,Sunday,2008
2018,7,2,183,Monday,2008
2018,7,3,184,Tuesday,2008
2018,7,4,185,Wednesday,2008
2018,7,5,186,Thursday,2008
2018,7,6,187,Friday,2008
2018,7,7,188,Saturday,2008
2018,7,8,189,Sunday,2009
2018,7,9,190,Monday,2009
2018,7,10,191,Tuesday,2009
2018,7,11,192,Wednesday,2009
2018,7,12,193,Thursday,2009
2018,7,13,194,Friday,2009
2018,7,14,195,Saturday,2009
2018,7,15,196,Sunday,2010
2018,7,16,197,Monday,2010
2018,7,17,198,Tuesday,2010
2018,7,18,199,Wednesday,2010
2018,7,19,200,Thursday,2010
2018,7,20,201,Friday,2010
2018,7,21,202,Saturday,2010
2018,7,22,203,Sunday,2011
2018,7,23,204,Monday,2011
2018,7,24,205,Tuesday,2011
2018,7,25,206,Wednesday,2011
2018,7,26,207,Thursday,2011
2018,7,27,208,Friday,2011
2018,7,28,209,Saturday,2011
2018,7,29,210,Sunday,2012
2018,7,30,211,Monday,2012
2018,7,31,212,Tuesday,2012
2018,8,1,213,Wednesday,2012
2018,8,2,214,Thursday,2012
2018,8,3,215,Friday,2012
2018,8,4,216,Saturday,2012
2018,8,5,217,Sunday,2013
2018,8,6,218,Monday,2013
2018,8,7,219,Tuesday,2013
2018,8,8,220,Wednesday,2013
2018,8,9,221,Thursday,2013
2018,8,10,222,Friday,2013
2018,8,11,223,Saturday,2013
2018,8,12,224,Sunday,2014
2018,8,13,225,Monday,2014
2018,8,14,226,Tuesday,2014
2018,8,15,227,Wednesday,2014
2018,8,16,228,Thursday,2014
2018,8,17,229,Friday,2014
2018,8,18,230,Saturday,2014
2018,8,19,231,Sunday,2015
2018,8,20,232,Monday,2015
2018,8,21,233,Tuesday,2015
2018,8,22,234,Wednesday,2015
2018,8,23,235,Thursday,2015
2018,8,24,236,Friday,2015
2018,8,25,237,Saturday,2015
2018,8,26,238,Sunday,2016
2018,8,27,239,Monday,2016
2018,8,28,240,Tuesday,2016
2018,8,29,241,Wednesday,2016
2018,8,30,242,Thursday,2016
2018,8,31,243,Friday,2016
2018,9,1,244,Saturday,2016
2018,9,2,245,Sunday,2017
2018,9,3,246,Monday,2017
2018,9,4,247,Tuesday,2017
2018,9,5,248,Wednesday,2017
2018,9,6,249,Thursday,2017
2018,9,7,250,Friday,2017
2018,9,8,251,Saturday,2017
2018,9,9,252,Sunday,2018
2018,9,10,253,Monday,2018
2018,9,11,254,Tuesday,2018
2018,9,12,255,Wednesday,2018
2018,9,13,256,Thursday,2018
2018,9,14,257,Friday,2018
2018,9,15,258,Saturday,2018
2018,9,16,259,Sunday,2019
2018,9,17,260,Monday,2019
2018,9,18,261,Tuesday,2019
2018,9,19,262,Wednesday,2019
2018,9,20,263,Thursday,2019
2018,9,21,264,Friday,2019
2018,9,22,265,Saturday,2019
2018,9,23,266,Sunday,2020
2018,9,24,267,Monday,2020
2018,9,25,268,Tuesday,2020
2018,9,26,269,Wednesday,2020
2018,9,27,270,Thursday,2020
2018,9,28,271,Friday,2020
2018,9,29,272,Saturday,2020
2018,9,30,273,Sunday,2021
2018,10,1,274,Monday,2021
2018,10,2,275,Tuesday,2021
2018,10,3,276,Wednesday,2021
2018,10,4,277,Thursday,2021
2018,10,5,278,Friday,2021
2018,10,6,279,Saturday,2021
2018,10,7,280,Sunday,2022
2018,10,8,281,Monday,2022
2018,10,9,282,Tuesday,2022
2018,10,10,283,Wednesday,2022
2018,10,11,284,Thursday,2022
2018,10,12,285,Friday,2022
2018,10,13,286,Saturday,2022
2018,10,14,287,Sunday,2023
2018,10,15,288,Monday,2023
2018,10,16,289,Tuesday,2023
2018,10,17,290,Wednesday,2023
2018,10,18,291,Thursday,2023
2018,10,19,292,Friday,2023
2018,10,20,293,Saturday,2023
2018,10,21,294,Sunday,2024
2018,10,22,295,Monday,2024
2018,10,23,296,Tuesday,2024
2018,10,24,297,Wednesday,2024
2018,10,25,298,Thursday,2024
2018,10,26,299,Friday,2024
2018,10,27,300,Saturday,2024
2018,10,28,301,Sunday,2025
2018,10,29,302,Monday,2025
2018,10,30,303,Tuesday,2025
2018,10,31,304,Wednesday,2025
2018,11,1,305,Thursday,2025
2018,11,2,306,Friday,2025
2018,11,3,307,Saturday,2025
2018,11,4,308,Sunday,2026
2018,11,5,309,Monday,2026
2018,11,6,310,Tuesday,2026
2018,11,7,311,Wednesday,2026
2018,11,8,312,Thursday,2026
2018,11,9,313,Friday,2026
2018,11,10,314,Saturday,2026
2018,11,11,315,Sunday,2027
2018,11,12,316,Monday,2027
2018,11,13,317,Tuesday,2027
2018,11,14,318,Wednesday,2027
2018,11,15,319,Thursday,2027
2018,11,16,320,Friday,2027
2018,11,17,321,Saturday,2027
2018,11,18,322,Sunday,2028
2018,11,19,323,Monday,2028
2018,11,20,324,Tuesday,2028
2018,11,21,325,Wednesday,2028
2018,11,22,326,Thursday,2028
2018,11,23,327,Friday,2028
2018,11,24,328,Saturday,2028
2018,11,25,329,Sunday,2029
2018,11,26,330,Monday,2029
2018,11,27,331,Tuesday,2029
2018,11,28,332,Wednesday,2029
2018,11,29,333,Thursday,2029
2018,11,30,334,Friday,2029
2018,12,1,335,Saturday,2029
2018,12,2,336,Sunday,2030
2018,12,3,337,Monday,2030
2018,12,4,338,Tuesday,2030
2018,12,5,339,Wednesday,2030
2018,12,6,340,Thursday,2030
2018,12,7,341,Friday,2030
2018,12,8,342,Saturday,2030
2018,12,9,343,Sunday,2031
2018,12,10,344,Monday,2031
2018,12,11,345,Tuesday,2031
2018,12,12,346,Wednesday,2031
2018,12,13,347,Thursday,2031
2018,12,14,348,Friday,2031
2018,12,15,349,Saturday,2031
2018,12,16,350,Sunday,2032
2018,12,17,351,Monday,2032
2018,12,18,352,Tuesday,2032
2018,12,19,353,Wednesday,2032
2018,12,20,354,Thursday,2032
2018,12,21,355,Friday,2032
2018,12,22,356,Saturday,2032
2018,12,23,357,Sunday,2033
2018,12,24,358,Monday,2033
2018,12,25,359,Tuesday,2033
2018,12,26,360,Wednesday,2033
2018,12,27,361,Thursday,2033
2018,12,28,362,Friday,2033
2018,12,29,363,Saturday,2033
2018,12,30,364,Sunday,2034
2018,12,31,365,Monday,2034
2019,1,1,1,Tuesday,2034
2019,1,2,2,Wednesday,2034
2019,1,3,3,Thursday,2034
2019,1,4,4,Friday,2034
2019,1,5,5,Saturday,2034
2019,1,6,6,Sunday,2035
2019,1,7,7,Monday,2035
2019,1,8,8,Tuesday,2035
2019,1,9,9,Wednesday,2035
2019,1,10,10,Thursday,2035
2019,1,11,11,Friday,2035
2019,1,12,12,Saturday,2035
2019,1,13,13,Sunday,2036
2019,1,14,14,Monday,2036
2019,1,15,15,Tuesday,2036
2019,1,16,16,Wednesday,2036
2019,1,17,17,Thursday,2036
2019,1,18,18,Friday,2036
2019,1,19,19,Saturday,2036
2019,1,20,20,Sunday,2037
2019,1,21,21,Monday,2037
2019,1,22,22,Tuesday,2037
2019,1,23,23,Wednesday,2037
2019,1,24,24,Thursday,2037
2019,1,25,25,Friday,2037
2019,1,26,26,Saturday,2037
2019,1,27,27,Sunday,2038
2019,1,28,28,Monday,2038
2019,1,29,29,Tuesday,2038
2019,1,30,30,Wednesday,2038
2019,1,31,31,Thursday,2038
2019,2,1,32,Friday,2038
2019,2,2,33,Saturday,2038
2019,2,3,34,Sunday,2039
2019,2,4,35,Monday,2039
2019,2,5,36,Tuesday,2039
2019,2,6,37,Wednesday,2039
2019,2,7,38,Thursday,2039
2019,2,8,39,Friday,2039
2019,2,9,40,Saturday,2039
2019,2,10,41,Sunday,2040
2019,2,11,42,Monday,2040
2019,2,12,43,Tuesday,2040
2019,2,13,44,Wednesday,2040
2019,2,14,45,Thursday,2040
2019,2,15,46,Friday,2040
2019,2,16,47,Saturday,2040
2019,2,17,48,Sunday,2041
2019,2,18,49,Monday,2041
2019,2,19,50,Tuesday,2041
2019,2,20,51,Wednesday,2041
2019,2,21,52,Thursday,2041
2019,2,22,53,Friday,2041
2019,2,23,54,Saturday,2041
2019,2,24,55,Sunday,2042
2019,2,25,56,Monday,2042
2019,2,26,57,Tuesday,2042
2019,2,27,58,Wednesday,2042
2019,2,28,59,Thursday,2042
2019,3,1,60,Friday,2042
2019,3,2,61,Saturday,2042
2019,3,3,62,Sunday,2043
2019,3,4,63,Monday,2043
2019,3,5,64,Tuesday,2043
2019,3,6,65,Wednesday,2043
2019,3,7,66,Thursday,2043
2019,3,8,67,Friday,2043
2019,3,9,68,Saturday,2043
2019,3,10,69,Sunday,2044
2019,3,11,70,Monday,2044
2019,3,12,71,Tuesday,2044
2019,3,13,72,Wednesday,2044
2019,3,14,73,Thursday,2044
2019,3,15,74,Friday,2044
2019,3,16,75,Saturday,2044
2019,3,17,76,Sunday,2045
2019,3,18,77,Monday,2045
2019,3,19,78,Tuesday,2045
2019,3,20,79,Wednesday,2045
2019,3,21,80,Thursday,2045
2019,3,22,81,Friday,2045
2019,3,23,82,Saturday,2045
2019,3,24,83,Sunday,2046
2019,3,25,84,Monday,2046
2019,3,26,85,Tuesday,2046
2019,3,27,86,Wednesday,2046
2019,3,28,87,Thursday,2046
2019,3,29,88,Friday,2046
2019,3,30,89,Saturday,2046
2019,3,31,90,Sunday,2047
2019,4,1,91,Monday,2047
2019,4,2,92,Tuesday,2047
2019,4,3,93,Wednesday,2047
2019,4,4,94,Thursday,2047
2019,4,5,95,Friday,2047
2019,4,6,96,Saturday,2047
2019,4,7,97,Sunday,2048
2019,4,8,98,Monday,2048
2019,4,9,99,Tuesday,2048
2019,4,10,100,Wednesday,2048
2019,4,11,101,Thursday,2048
2019,4,12,102,Friday,2048
2019,4,13,103,Saturday,2048
2019,4,14,104,Sunday,2049
2019,4,15,105,Monday,2049
2019,4,16,106,Tuesday,2049
2019,4,17,107,Wednesday,2049
2019,4,18,108,Thursday,2049
2019,4,19,109,Friday,2049
2019,4,20,110,Saturday,2049
2019,4,21,111,Sunday,2050
2019,4,22,112,Monday,2050
2019,4,23,113,Tuesday,2050
2019,4,24,114,Wednesday,2050
2019,4,25,115,Thursday,2050
2019,4,26,116,Friday,2050
2019,4,27,117,Saturday,2050
2019,4,28,118,Sunday,2051
2019,4,29,119,Monday,2051
2019,4,30,120,Tuesday,2051
2019,5,1,121,Wednesday,2051
2019,5,2,122,Thursday,2051
2019,5,3,123,Friday,2051
2019,5,4,124,Saturday,2051
2019,5,5,125,Sunday,2052
2019,5,6,126,Monday,2052
2019,5,7,127,Tuesday,2052
2019,5,8,128,Wednesday,2052
2019,5,9,129,Thursday,2052
2019,5,10,130,Friday,2052
2019,5,11,131,Saturday,2052
2019,5,12,132,Sunday,2053
2019,5,13,133,Monday,2053
2019,5,14,134,Tuesday,2053
2019,5,15,135,Wednesday,2053
2019,5,16,136,Thursday,2053
2019,5,17,137,Friday,2053
2019,5,18,138,Saturday,2053
2019,5,19,139,Sunday,2054
2019,5,20,140,Monday,2054
2019,5,21,141,Tuesday,2054
2019,5,22,142,Wednesday,2054
2019,5,23,143,Thursday,2054
2019,5,24,144,Friday,2054
2019,5,25,145,Saturday,2054
2019,5,26,146,Sunday,2055
2019,5,27,147,Monday,2055
2019,5,28,148,Tuesday,2055
2019,5,29,149,Wednesday,2055
2019,5,30,150,Thursday,2055
2019,5,31,151,Friday,2055
2019,6,1,152,Saturday,2055
2019,6,2,153,Sunday,2056
2019,6,3,154,Monday,2056
2019,6,4,155,Tuesday,2056
2019,6,5,156,Wednesday,2056
2019,6,6,157,Thursday,2056
2019,6,7,158,Friday,2056
2019,6,8,159,Saturday,2056
2019,6,9,160,Sunday,2057
2019,6,10,161,Monday,2057
2019,6,11,162,Tuesday,2057
2019,6,12,163,Wednesday,2057
2019,6,13,164,Thursday,2057
2019,6,14,165,Friday,2057
2019,6,15,166,Saturday,2057
2019,6,16,167,Sunday,2058
2019,6,17,168,Monday,2058
2019,6,18,169,Tuesday,2058
2019,6,19,170,Wednesday,2058
2019,6,20,171,Thursday,2058
2019,6,21,172,Friday,2058
2019,6,22,173,Saturday,2058
2019,6,23,174,Sunday,2059
2019,6,24,175,Monday,2059
2019,6,25,176,Tuesday,2059
2019,6,26,177,Wednesday,2059
2019,6,27,178,Thursday,2059
2019,6,28,179,Friday,2059
2019,6,29,180,Saturday,2059
2019,6,30,181,Sunday,2060
2019,7,1,182,Monday,2060
2019,7,2,183,Tuesday,2060
2019,7,3,184,Wednesday,2060
2019,7,4,185,Thursday,2060
2019,7,5,186,Friday,2060
2019,7,6,187,Saturday,2060
2019,7,7,188,Sunday,2061
2019,7,8,189,Monday,2061
2019,7,9,190,Tuesday,2061
2019,7,10,191,Wednesday,2061
2019,7,11,192,Thursday,2061
2019,7,12,193,Friday,2061
2019,7,13,194,Saturday,2061
2019,7,14,195,Sunday,2062
2019,7,15,196,Monday,2062
2019,7,16,197,Tuesday,2062
2019,7,17,198,Wednesday,2062
2019,7,18,199,Thursday,2062
2019,7,19,200,Friday,2062
2019,7,20,201,Saturday,2062
2019,7,21,202,Sunday,2063
2019,7,22,203,Monday,2063
2019,7,23,204,Tuesday,2063
2019,7,24,205,Wednesday,2063
2019,7,25,206,Thursday,2063
2019,7,26,207,Friday,2063
2019,7,27,208,Saturday,2063
2019,7,28,209,Sunday,2064
2019,7,29,210,Monday,2064
2019,7,30,211,Tuesday,2064
2019,7,31,212,Wednesday,2064
2019,8,1,213,Thursday,2064
2019,8,2,214,Friday,2064
2019,8,3,215,Saturday,2064
2019,8,4,216,Sunday,2065
2019,8,5,217,Monday,2065
2019,8,6,218,Tuesday,2065
2019,8,7,219,Wednesday,2065
2019,8,8,220,Thursday,2065
2019,8,9,221,Friday,2065
2019,8,10,222,Saturday,2065
2019,8,11,223,Sunday,2066
2019,8,12,224,Monday,2066
2019,8,13,225,Tuesday,2066
2019,8,14,226,Wednesday,2066
2019,8,15,227,Thursday,2066
2019,8,16,228,Friday,2066
2019,8,17,229,Saturday,2066
2019,8,18,230,Sunday,2067
2019,8,19,231,Monday,2067
2019,8,20,232,Tuesday,2067
2019,8,21,233,Wednesday,2067
2019,8,22,234,Thursday,2067
2019,8,23,235,Friday,2067
2019,8,24,236,Saturday,2067
2019,8,25,237,Sunday,2068
2019,8,26,238,Monday,2068
2019,8,27,239,Tuesday,2068
2019,8,28,240,Wednesday,2068
2019,8,29,241,Thursday,2068
2019,8,30,242,Friday,2068
2019,8,31,243,Saturday,2068
2019,9,1,244,Sunday,2069
2019,9,2,245,Monday,2069
2019,9,3,246,Tuesday,2069
2019,9,4,247,Wednesday,2069
2019,9,5,248,Thursday,2069
2019,9,6,249,Friday,2069
2019,9,7,250,Saturday,2069
2019,9,8,251,Sunday,2070
2019,9,9,252,Monday,2070
2019,9,10,253,Tuesday,2070
2019,9,11,254,Wednesday,2070
2019,9,12,255,Thursday,2070
2019,9,13,256,Friday,2070
2019,9,14,257,Saturday,2070
2019,9,15,258,Sunday,2071
2019,9,16,259,Monday,2071
2019,9,17,260,Tuesday,2071
2019,9,18,261,Wednesday,2071
2019,9,19,262,Thursday,2071
2019,9,20,263,Friday,2071
2019,9,21,264,Saturday,2071
2019,9,22,265,Sunday,2072
2019,9,23,266,Monday,2072
2019,9,24,267,Tuesday,2072
2019,9,25,268,Wednesday,2072
2019,9,26,269,Thursday,2072
2019,9,27,270,Friday,2072
2019,9,28,271,Saturday,2072
2019,9,29,272,Sunday,2073
2019,9,30,273,Monday,2073
2019,10,1,274,Tuesday,2073
2019,10,2,275,Wednesday,2073
2019,10,3,276,Thursday,2073
2019,10,4,277,Friday,2073
2019,10,5,278,Saturday,2073
2019,10,6,279,Sunday,2074
2019,10,7,280,Monday,2074
2019,10,8,281,Tuesday,2074
2019,10,9,282,Wednesday,2074
2019,10,10,283,Thursday,2074
2019,10,11,284,Friday,2074
2019,10,12,285,Saturday,2074
2019,10,13,286,Sunday,2075
2019,10,14,287,Monday,2075
2019,10,15,288,Tuesday,2075
2019,10,16,289,Wednesday,2075
2019,10,17,290,Thursday,2075
2019,10,18,291,Friday,2075
2019,10,19,292,Saturday,2075
2019,10,20,293,Sunday,2076
2019,10,21,294,Monday,2076
2019,10,22,295,Tuesday,2076
2019,10,23,296,Wednesday,2076
2019,10,24,297,Thursday,2076
2019,10,25,298,Friday,2076
2019,10,26,299,Saturday,2076
2019,10,27,300,Sunday,2077
2019,10,28,301,Monday,2077
2019,10,29,302,Tuesday,2077
2019,10,30,303,Wednesday,2077
2019,10,31,304,Thursday,2077
2019,11,1,305,Friday,2077
2019,11,2,306,Saturday,2077
2019,11,3,307,Sunday,2078
2019,11,4,308,Monday,2078
2019,11,5,309,Tuesday,2078
2019,11,6,310,Wednesday,2078
2019,11,7,311,Thursday,2078
2019,11,8,312,Friday,2078
2019,11,9,313,Saturday,2078
2019,11,10,314,Sunday,2079
2019,11,11,315,Monday,2079
2019,11,12,316,Tuesday,2079
2019,11,13,317,Wednesday,2079
2019,11,14,318,Thursday,2079
2019,11,15,319,Friday,2079
2019,11,16,320,Saturday,2079
2019,11,17,321,Sunday,2080
2019,11,18,322,Monday,2080
2019,11,19,323,Tuesday,2080
2019,11,20,324,Wednesday,2080
2019,11,21,325,Thursday,2080
2019,11,22,326,Friday,2080
2019,11,23,327,Saturday,2080
2019,11,24,328,Sunday,2081
2019,11,25,329,Monday,2081
2019,11,26,330,Tuesday,2081
2019,11,27,331,Wednesday,2081
2019,11,28,332,Thursday,2081
2019,11,29,333,Friday,2081
2019,11,30,334,Saturday,2081
2019,12,1,335,Sunday,2082
2019,12,2,336,Monday,2082
2019,12,3,337,Tuesday,2082
2019,12,4,338,Wednesday,2082
2019,12,5,339,Thursday,2082
2019,12,6,340,Friday,2082
2019,12,7,341,Saturday,2082
2019,12,8,342,Sunday,2083
2019,12,9,343,Monday,2083
2019,12,10,344,Tuesday,2083
2019,12,11,345,Wednesday,2083
2019,12,12,346,Thursday,2083
2019,12,13,347,Friday,2083
2019,12,14,348,Saturday,2083
2019,12,15,349,Sunday,2084
2019,12,16,350,Monday,2084
2019,12,17,351,Tuesday,2084
2019,12,18,352,Wednesday,2084
2019,12,19,353,Thursday,2084
2019,12,20,354,Friday,2084
2019,12,21,355,Saturday,2084
2019,12,22,356,Sunday,2085
2019,12,23,357,Monday,2085
2019,12,24,358,Tuesday,2085
2019,12,25,359,Wednesday,2085
2019,12,26,360,Thursday,2085
2019,12,27,361,Friday,2085
2019,12,28,362,Saturday,2085
2019,12,29,363,Sunday,2086
2019,12,30,364,Monday,2086
2019,12,31,365,Tuesday,2086
2020,1,1,1,Wednesday,2086
2020,1,2,2,Thursday,2086
2020,1,3,3,Friday,2086
2020,1,4,4,Saturday,2086
2020,1,5,5,Sunday,2087
2020,1,6,6,Monday,2087
2020,1,7,7,Tuesday,2087
2020,1,8,8,Wednesday,2087
2020,1,9,9,Thursday,2087
2020,1,10,10,Friday,2087
2020,1,11,11,Saturday,2087
2020,1,12,12,Sunday,2088
2020,1,13,13,Monday,2088
2020,1,14,14,Tuesday,2088
2020,1,15,15,Wednesday,2088
2020,1,16,16,Thursday,2088
2020,1,17,17,Friday,2088
2020,1,18,18,Saturday,2088
2020,1,19,19,Sunday,2089
2020,1,20,20,Monday,2089
2020,1,21,21,Tuesday,2089
2020,1,22,22,Wednesday,2089
2020,1,23,23,Thursday,2089
2020,1,24,24,Friday,2089
2020,1,25,25,Saturday,2089
2020,1,26,26,Sunday,2090
2020,1,27,27,Monday,2090
2020,1,28,28,Tuesday,2090
2020,1,29,29,Wednesday,2090
2020,1,30,30,Thursday,2090
2020,1,31,31,Friday,2090
2020,2,1,32,Saturday,2090
2020,2,2,33,Sunday,2091
2020,2,3,34,Monday,2091
2020,2,4,35,Tuesday,2091
2020,2,5,36,Wednesday,2091
2020,2,6,37,Thursday,2091
2020,2,7,38,Friday,2091
2020,2,8,39,Saturday,2091
2020,2,9,40,Sunday,2092
2020,2,10,41,Monday,2092
2020,2,11,42,Tuesday,2092
2020,2,12,43,Wednesday,2092
2020,2,13,44,Thursday,2092
2020,2,14,45,Friday,2092
2020,2,15,46,Saturday,2092
2020,2,16,47,Sunday,2093
2020,2,17,48,Monday,2093
2020,2,18,49,Tuesday,2093
2020,2,19,50,Wednesday,2093
2020,2,20,51,Thursday,2093
2020,2,21,52,Friday,2093
2020,2,22,53,Saturday,2093
2020,2,23,54,Sunday,2094
2020,2,24,55,Monday,2094
2020,2,25,56,Tuesday,2094
2020,2,26,57,Wednesday,2094
2020,2,27,58,Thursday,2094
2020,2,28,59,Friday,2094
2020,2,29,60,Saturday,2094
2020,3,1,61,Sunday,2095
2020,3,2,62,Monday,2095
2020,3,3,63,Tuesday,2095
2020,3,4,64,Wednesday,2095
2020,3,5,65,Thursday,2095
2020,3,6,66,Friday,2095
2020,3,7,67,Saturday,2095
2020,3,8,68,Sunday,2096
2020,3,9,69,Monday,2096
2020,3,10,70,Tuesday,2096
2020,3,11,71,Wednesday,2096
2020,3,12,72,Thursday,2096
2020,3,13,73,Friday,2096
2020,3,14,74,Saturday,2096
2020,3,15,75,Sunday,2097
2020,3,16,76,Monday,2097
2020,3,17,77,Tuesday,2097
2020,3,18,78,Wednesday,2097
2020,3,19,79,Thursday,2097
2020,3,20,80,Friday,2097
2020,3,21,81,Saturday,2097
2020,3,22,82,Sunday,2098
2020,3,23,83,Monday,2098
2020,3,24,84,Tuesday,2098
2020,3,25,85,Wednesday,2098
2020,3,26,86,Thursday,2098
2020,3,27,87,Friday,2098
2020,3,28,88,Saturday,2098
2020,3,29,89,Sunday,2099
2020,3,30,90,Monday,2099
2020,3,31,91,Tuesday,2099
2020,4,1,92,Wednesday,2099
2020,4,2,93,Thursday,2099
2020,4,3,94,Friday,2099
2020,4,4,95,Saturday,2099
2020,4,5,96,Sunday,2100
2020,4,6,97,Monday,2100
2020,4,7,98,Tuesday,2100
2020,4,8,99,Wednesday,2100
2020,4,9,100,Thursday,2100
2020,4,10,101,Friday,2100
2020,4,11,102,Saturday,2100
2020,4,12,103,Sunday,2101
2020,4,13,104,Monday,2101
2020,4,14,105,Tuesday,2101
2020,4,15,106,Wednesday,2101
2020,4,16,107,Thursday,2101
2020,4,17,108,Friday,2101
2020,4,18,109,Saturday,2101
2020,4,19,110,Sunday,2102
2020,4,20,111,Monday,2102
2020,4,21,112,Tuesday,2102
2020,4,22,113,Wednesday,2102
2020,4,23,114,Thursday,2102
2020,4,24,115,Friday,2102
2020,4,25,116,Saturday,2102
2020,4,26,117,Sunday,2103
2020,4,27,118,Monday,2103
2020,4,28,119,Tuesday,2103
2020,4,29,120,Wednesday,2103
2020,4,30,121,Thursday,2103
2020,5,1,122,Friday,2103
2020,5,2,123,Saturday,2103
2020,5,3,124,Sunday,2104
2020,5,4,125,Monday,2104
2020,5,5,126,Tuesday,2104
2020,5,6,127,Wednesday,2104
2020,5,7,128,Thursday,2104
2020,5,8,129,Friday,2104
2020,5,9,130,Saturday,2104
2020,5,10,131,Sunday,2105
2020,5,11,132,Monday,2105
2020,5,12,133,Tuesday,2105
2020,5,13,134,Wednesday,2105
2020,5,14,135,Thursday,2105
2020,5,15,136,Friday,2105
2020,5,16,137,Saturday,2105
2020,5,17,138,Sunday,2106
2020,5,18,139,Monday,2106
2020,5,19,140,Tuesday,2106
2020,5,20,141,Wednesday,2106
2020,5,21,142,Thursday,2106
2020,5,22,143,Friday,2106
2020,5,23,144,Saturday,2106
2020,5,24,145,Sunday,2107
2020,5,25,146,Monday,2107
2020,5,26,147,Tuesday,2107
2020,5,27,148,Wednesday,2107
2020,5,28,149,Thursday,2107
2020,5,29,150,Friday,2107
2020,5,30,151,Saturday,2107
2020,5,31,152,Sunday,2108
2020,6,1,153,Monday,2108
2020,6,2,154,Tuesday,2108
2020,6,3,155,Wednesday,2108
2020,6,4,156,Thursday,2108
2020,6,5,157,Friday,2108
2020,6,6,158,Saturday,2108
2020,6,7,159,Sunday,2109
2020,6,8,160,Monday,2109
2020,6,9,161,Tuesday,2109
2020,6,10,162,Wednesday,2109
2020,6,11,163,Thursday,2109
2020,6,12,164,Friday,2109
2020,6,13,165,Saturday,2109
2020,6,14,166,Sunday,2110
2020,6,15,167,Monday,2110
2020,6,16,168,Tuesday,2110
2020,6,17,169,Wednesday,2110
2020,6,18,170,Thursday,2110
2020,6,19,171,Friday,2110
2020,6,20,172,Saturday,2110
2020,6,21,173,Sunday,2111
2020,6,22,174,Monday,2111
2020,6,23,175,Tuesday,2111
2020,6,24,176,Wednesday,2111
2020,6,25,177,Thursday,2111
2020,6,26,178,Friday,2111
2020,6,27,179,Saturday,2111
2020,6,28,180,Sunday,2112
2020,6,29,181,Monday,2112
2020,6,30,182,Tuesday,2112
2020,7,1,183,Wednesday,2112
2020,7,2,184,Thursday,2112
2020,7,3,185,Friday,2112
2020,7,4,186,Saturday,2112
2020,7,5,187,Sunday,2113
2020,7,6,188,Monday,2113
2020,7,7,189,Tuesday,2113
2020,7,8,190,Wednesday,2113
2020,7,9,191,Thursday,2113
2020,7,10,192,Friday,2113
2020,7,11,193,Saturday,2113
2020,7,12,194,Sunday,2114
2020,7,13,195,Monday,2114
2020,7,14,196,Tuesday,2114
2020,7,15,197,Wednesday,2114
2020,7,16,198,Thursday,2114
2020,7,17,199,Friday,2114
2020,7,18,200,Saturday,2114
2020,7,19,201,Sunday,2115
2020,7,20,202,Monday,2115
2020,7,21,203,Tuesday,2115
2020,7,22,204,Wednesday,2115
2020,7,23,205,Thursday,2115
2020,7,24,206,Friday,2115
2020,7,25,207,Saturday,2115
2020,7,26,208,Sunday,2116
2020,7,27,209,Monday,2116
2020,7,28,210,Tuesday,2116
2020,7,29,211,Wednesday,2116
2020,7,30,212,Thursday,2116
2020,7,31,213,Friday,2116
2020,8,1,214,Saturday,2116
2020,8,2,215,Sunday,2117
2020,8,3,216,Monday,2117
2020,8,4,217,Tuesday,2117
2020,8,5,218,Wednesday,2117
2020,8,6,219,Thursday,2117
2020,8,7,220,Friday,2117
2020,8,8,221,Saturday,2117
2020,8,9,222,Sunday,2118
2020,8,10,223,Monday,2118
2020,8,11,224,Tuesday,2118
2020,8,12,225,Wednesday,2118
2020,8,13,226,Thursday,2118
2020,8,14,227,Friday,2118
2020,8,15,228,Saturday,2118
2020,8,16,229,Sunday,2119
2020,8,17,230,Monday,2119
2020,8,18,231,Tuesday,2119
2020,8,19,232,Wednesday,2119
2020,8,20,233,Thursday,2119
2020,8,21,234,Friday,2119
2020,8,22,235,Saturday,2119
2020,8,23,236,Sunday,2120
2020,8,24,237,Monday,2120
2020,8,25,238,Tuesday,2120
2020,8,26,239,Wednesday,2120
2020,8,27,240,Thursday,2120
2020,8,28,241,Friday,2120
2020,8,29,242,Saturday,2120
2020,8,30,243,Sunday,2121
2020,8,31,244,Monday,2121
2020,9,1,245,Tuesday,2121
2020,9,2,246,Wednesday,2121
2020,9,3,247,Thursday,2121
2020,9,4,248,Friday,2121
2020,9,5,249,Saturday,2121
2020,9,6,250,Sunday,2122
2020,9,7,251,Monday,2122
2020,9,8,252,Tuesday,2122
2020,9,9,253,Wednesday,2122
2020,9,10,254,Thursday,2122
2020,9,11,255,Friday,2122
2020,9,12,256,Saturday,2122
2020,9,13,257,Sunday,2123
2020,9,14,258,Monday,2123
2020,9,15,259,Tuesday,2123
2020,9,16,260,Wednesday,2123
2020,9,17,261,Thursday,2123
2020,9,18,262,Friday,2123
2020,9,19,263,Saturday,2123
2020,9,20,264,Sunday,2124
2020,9,21,265,Monday,2124
2020,9,22,266,Tuesday,2124
2020,9,23,267,Wednesday,2124
2020,9,24,268,Thursday,2124
2020,9,25,269,Friday,2124
2020,9,26,270,Saturday,2124
2020,9,27,271,Sunday,2125
2020,9,28,272,Monday,2125
2020,9,29,273,Tuesday,2125
2020,9,30,274,Wednesday,2125
2020,10,1,275,Thursday,2125
2020,10,2,276,Friday,2125
2020,10,3,277,Saturday,2125
2020,10,4,278,Sunday,2126
2020,10,5,279,Monday,2126
2020,10,6,280,Tuesday,2126
2020,10,7,281,Wednesday,2126
2020,10,8,282,Thursday,2126
2020,10,9,283,Friday,2126
2020,10,10,284,Saturday,2126
2020,10,11,285,Sunday,2127
2020,10,12,286,Monday,2127
2020,10,13,287,Tuesday,2127
2020,10,14,288,Wednesday,2127
2020,10,15,289,Thursday,2127
2020,10,16,290,Friday,2127
2020,10,17,291,Saturday,2127
2020,10,18,292,Sunday,2128
2020,10,19,293,Monday,2128
2020,10,20,294,Tuesday,2128
2020,10,21,295,Wednesday,2128
2020,10,22,296,Thursday,2128
2020,10,23,297,Friday,2128
2020,10,24,298,Saturday,2128
2020,10,25,299,Sunday,2129
2020,10,26,300,Monday,2129
2020,10,27,301,Tuesday,2129
2020,10,28,302,Wednesday,2129
2020,10,29,303,Thursday,2129
2020,10,30,304,Friday,2129
2020,10,31,305,Saturday,2129
2020,11,1,306,Sunday,2130
2020,11,2,307,Monday,2130
2020,11,3,308,Tuesday,2130
2020,11,4,309,Wednesday,2130
2020,11,5,310,Thursday,2130
2020,11,6,311,Friday,2130
2020,11,7,312,Saturday,2130
2020,11,8,313,Sunday,2131
2020,11,9,314,Monday,2131
2020,11,10,315,Tuesday,2131
2020,11,11,316,Wednesday,2131
2020,11,12,317,Thursday,2131
2020,11,13,318,Friday,2131
2020,11,14,319,Saturday,2131
2020,11,15,320,Sunday,2132
2020,11,16,321,Monday,2132
2020,11,17,322,Tuesday,2132
2020,11,18,323,Wednesday,2132
2020,11,19,324,Thursday,2132
2020,11,20,325,Friday,2132
2020,11,21,326,Saturday,2132
2020,11,22,327,Sunday,2133
2020,11,23,328,Monday,2133
2020,11,24,329,Tuesday,2133
2020,11,25,330,Wednesday,2133
2020,11,26,331,Thursday,2133
2020,11,27,332,Friday,2133
2020,11,28,333,Saturday,2133
2020,11,29,334,Sunday,2134
2020,11,30,335,Monday,2134
2020,12,1,336,Tuesday,2134
2020,12,2,337,Wednesday,2134
2020,12,3,338,Thursday,2134
2020,12,4,339,Friday,2134
2020,12,5,340,Saturday,2134
2020,12,6,341,Sunday,2135
2020,12,7,342,Monday,2135
2020,12,8,343,Tuesday,2135
2020,12,9,344,Wednesday,2135
2020,12,10,345,Thursday,2135
2020,12,11,346,Friday,2135
2020,12,12,347,Saturday,2135
2020,12,13,348,Sunday,2136
2020,12,14,349,Monday,2136
2020,12,15,350,Tuesday,2136
2020,12,16,351,Wednesday,2136
2020,12,17,352,Thursday,2136
2020,12,18,353,Friday,2136
2020,12,19,354,Saturday,2136
2020,12,20,355,Sunday,2137
2020,12,21,356,Monday,2137
2020,12,22,357,Tuesday,2137
2020,12,23,358,Wednesday,2137
2020,12,24,359,Thursday,2137
2020,12,25,360,Friday,2137
2020,12,26,361,Saturday,2137
2020,12,27,362,Sunday,2138
2020,12,28,363,Monday,2138
2020,12,29,364,Tuesday,2138
2020,12,30,365,Wednesday,2138
2020,12,31,366,Thursday,2138
