GPS TOW,PRN,Freq,SigType,Azimuth,Elevation,CNo,Lock Time,CMC Avg,CMC Std,S4,S4 Cor,1SecSigma,3SecSigma,10SecSigma,30SecSigma,60SecSigma
523140.00,1,0,1, 309.42,14.61,34.67,35.970001,-1.578,0.521,0.000000,0.185517,10630591.000000,17837854.000000,21225256.000000,21273164.000000,21318254.000000 
523140.00,1,0,7, 309.42,14.61,41.16,33.590000,-1231.572,0.031,0.000000,0.087553,2654968.250000,3446051.000000,4843781.000000,4878019.500000,4904313.500000 
523200.00,1,0,1, 309.02,14.76,35.24,95.970001,-1.458,0.118,0.295133,0.173705,18409.011719,54691.917969,80856.718750,81137.125000,81222.195312 
523200.00,1,0,7, 309.02,14.76,40.41,93.589996,-1231.674,0.105,0.152843,0.095528,4717.871582,12051.777344,32439.546875,33058.382812,33365.804688 
523260.00,1,0,1, 308.62,14.92,37.32,155.970001,-0.820,0.228,0.259410,0.136472,0.839084,2.167925,5.674252,5.760090,5.803442 
523260.00,1,0,7, 308.62,14.92,39.48,153.589996,-1231.995,0.067,0.157265,0.106267,0.368930,1.011486,1.462511,1.491070,1.502991 
523320.00,1,0,1, 308.22,15.07,37.94,215.970001,-0.151,0.169,0.226813,0.127078,0.150258,0.158394,0.172694,0.172802,0.172810 
523320.00,1,0,7, 308.22,15.07,38.61,213.589996,-1232.186,0.042,0.159907,0.117547,0.129803,0.135285,0.144808,0.144926,0.144933 
523380.00,1,0,1, 307.82,15.22,36.24,275.970001,-0.410,0.195,0.248452,0.154693,0.165394,0.174066,0.189169,0.189741,0.189774 
523380.00,1,0,7, 307.82,15.22,38.55,273.589996,-1232.202,0.027,0.160994,0.118399,0.127863,0.135139,0.145425,0.145734,0.145721 
523440.00,1,0,1, 307.41,15.36,35.00,335.970001,-1.353,0.244,0.240396,0.178614,0.186607,0.190878,0.193041,0.192999,0.192999 
523440.00,1,0,7, 307.41,15.36,38.78,333.589996,-1232.152,0.013,0.162798,0.115237,0.126264,0.129627,0.131545,0.131543,0.131552 
523500.00,1,0,1, 307.00,15.50,35.07,395.970001,-1.259,0.124,0.279322,0.177116,0.206693,0.210099,0.215850,0.215845,0.215869 
523500.00,1,0,7, 307.00,15.50,39.67,393.589996,-1232.010,0.063,0.172418,0.104028,0.112535,0.116711,0.122196,0.122268,0.122296 
523560.00,1,0,1, 306.58,15.64,34.46,455.970001,-2.060,0.267,0.296049,0.190025,0.217273,0.222773,0.226445,0.226314,0.226406 
523560.00,1,0,7, 306.58,15.64,41.51,453.589996,-1231.824,0.049,0.163558,0.084106,0.095683,0.102660,0.107008,0.106998,0.107047 
523620.00,1,0,1, 306.17,15.77,35.52,515.969971,-2.515,0.091,0.271088,0.168157,0.187234,0.193238,0.200811,0.201001,0.201008 
523620.00,1,0,7, 306.17,15.77,42.87,513.590027,-1231.684,0.024,0.108031,0.071942,0.084135,0.092304,0.100701,0.101008,0.101029 
523680.00,1,0,1, 305.76,15.90,35.90,575.969971,-1.835,0.191,0.198471,0.160848,0.162900,0.174983,0.182063,0.182263,0.182246 
523680.00,1,0,7, 305.76,15.90,43.14,573.590027,-1231.689,0.014,0.101361,0.069734,0.083531,0.095752,0.104369,0.104612,0.104607 
523740.00,1,0,1, 305.34,16.03,35.47,635.969971,-1.862,0.230,0.232350,0.169021,0.180064,0.188470,0.195409,0.195722,0.195701 
523740.00,1,0,7, 305.34,16.03,43.58,633.590027,-1231.713,0.005,0.097391,0.066288,0.079479,0.087660,0.097041,0.097384,0.097386 
523800.00,1,0,1, 304.91,16.15,36.24,695.969971,-2.446,0.064,0.236532,0.154681,0.149488,0.164841,0.175411,0.175320,0.175409 
523800.00,1,0,7, 304.91,16.15,44.14,693.590027,-1231.708,0.016,0.108090,0.062089,0.077665,0.091784,0.102638,0.102626,0.102726 
523860.00,1,0,1, 304.49,16.26,39.05,755.969971,-1.812,0.231,0.198927,0.111691,0.106976,0.113400,0.121387,0.121765,0.121798 
523860.00,1,0,7, 304.49,16.26,45.02,753.590027,-1231.640,0.016,0.096209,0.056154,0.069026,0.075740,0.083049,0.083392,0.083428 
523920.00,1,0,1, 304.06,16.38,41.26,815.969971,-0.768,0.369,0.152620,0.086582,0.087110,0.099553,0.118346,0.119465,0.119495 
523920.00,1,0,7, 304.06,16.38,45.46,813.590027,-1231.617,0.004,0.079435,0.053324,0.064720,0.074127,0.089293,0.090229,0.090259 
523980.00,1,0,1, 303.64,16.49,42.41,875.969971,0.561,0.418,0.110112,0.075786,0.078119,0.089803,0.108826,0.109664,0.109712 
523980.00,1,0,7, 303.64,16.49,45.86,873.590027,-1231.610,0.002,0.074163,0.050948,0.063845,0.072610,0.085024,0.085592,0.085607 
524040.00,1,0,1, 303.21,16.59,43.37,935.969971,1.491,0.195,0.081988,0.067843,0.070280,0.085145,0.093333,0.093633,0.093689 
524040.00,1,0,7, 303.21,16.59,46.43,933.590027,-1231.604,0.005,0.084006,0.047720,0.057189,0.066882,0.073253,0.073458,0.073496 
524100.00,1,0,1, 302.78,16.69,43.35,995.969971,2.000,0.055,0.092872,0.068021,0.073890,0.098260,0.116741,0.117018,0.117080 
524100.00,1,0,7, 302.78,16.69,47.13,993.590027,-1231.609,0.011,0.073529,0.044029,0.058138,0.073533,0.087531,0.087684,0.087727 
524160.00,1,0,1, 302.34,16.79,42.25,1055.969971,1.476,0.221,0.105212,0.077262,0.080279,0.092496,0.103492,0.104209,0.104308 
524160.00,1,0,7, 302.34,16.79,48.02,1053.589966,-1231.615,0.014,0.072254,0.039720,0.052684,0.062419,0.071920,0.072393,0.072446 
524220.00,1,0,1, 301.91,16.88,41.74,1115.969971,0.849,0.216,0.101942,0.081880,0.087382,0.100160,0.109392,0.109528,0.109709 
524220.00,1,0,7, 301.91,16.88,48.28,1113.589966,-1231.560,0.012,0.057891,0.038567,0.049421,0.062853,0.070867,0.071036,0.071198 
524280.00,1,0,1, 301.47,16.97,41.65,1175.969971,0.198,0.163,0.095957,0.082733,0.085104,0.099826,0.122715,0.123979,0.124039 
524280.00,1,0,7, 301.47,16.97,48.48,1173.589966,-1231.551,0.013,0.061347,0.037664,0.050705,0.063041,0.081788,0.082661,0.082726 
524340.00,1,0,1, 301.03,17.06,41.80,1235.969971,-0.230,0.130,0.093031,0.081359,0.084261,0.098831,0.126631,0.127087,0.127146 
524340.00,1,0,7, 301.03,17.06,47.96,1233.589966,-1231.676,0.055,0.058034,0.040014,0.054034,0.066578,0.088941,0.089258,0.089307 
524400.00,1,0,1, 300.59,17.14,41.46,1295.969971,-0.762,0.189,0.100842,0.084628,0.083323,0.096149,0.110021,0.110180,0.110194 
524400.00,1,0,7, 300.59,17.14,48.24,1293.589966,-1231.816,0.018,0.058715,0.038720,0.052387,0.064210,0.075767,0.075890,0.075912 
524460.00,1,0,1, 300.14,17.22,41.25,1355.969971,-1.290,0.055,0.105772,0.086708,0.087400,0.097846,0.110218,0.110830,0.110837 
524460.00,1,0,7, 300.14,17.22,48.98,1353.589966,-1231.792,0.029,0.071759,0.035579,0.048960,0.058412,0.069024,0.069632,0.069634 
524520.00,1,0,1, 299.70,17.29,40.23,1415.969971,-1.161,0.110,0.148408,0.097519,0.112004,0.136758,0.157712,0.158103,0.158100 
524520.00,1,0,7, 299.70,17.29,48.72,1413.589966,-1231.685,0.024,0.055190,0.036636,0.064594,0.086589,0.104741,0.105041,0.105046 
524580.00,1,0,1, 299.26,17.36,39.53,1475.969971,-1.160,0.096,0.135302,0.105741,0.103796,0.112048,0.126016,0.126726,0.126759 
524580.00,1,0,7, 299.26,17.36,48.77,1473.589966,-1231.631,0.012,0.050828,0.036424,0.048881,0.058702,0.074140,0.074824,0.074889 
524640.00,1,0,1, 298.81,17.43,40.04,1535.969971,-0.854,0.036,0.133212,0.099701,0.099917,0.115591,0.128658,0.128885,0.128984 
524640.00,1,0,7, 298.81,17.43,48.45,1533.589966,-1231.624,0.013,0.058340,0.037794,0.052081,0.066576,0.078962,0.079156,0.079235 
524700.00,1,0,1, 298.36,17.49,41.27,1595.969971,-0.561,0.156,0.102769,0.086507,0.086407,0.098443,0.103992,0.104109,0.104153 
524700.00,1,0,7, 298.36,17.49,48.18,1593.589966,-1231.698,0.028,0.063796,0.039010,0.053522,0.065314,0.069187,0.069265,0.069301 
524760.00,1,0,1, 297.91,17.55,40.64,1655.969971,-0.203,0.076,0.105773,0.092955,0.091109,0.111289,0.143731,0.144192,0.144361 
524760.00,1,0,7, 297.91,17.55,47.86,1653.589966,-1231.776,0.013,0.066560,0.040464,0.055267,0.071724,0.097245,0.097607,0.097741 
524820.00,1,0,1, 297.46,17.60,41.25,1715.969971,0.035,0.054,0.099889,0.086648,0.083436,0.106956,0.130663,0.131078,0.131061 
524820.00,1,0,7, 297.46,17.60,47.76,1713.589966,-1231.749,0.033,0.067058,0.040920,0.053880,0.073991,0.092001,0.092311,0.092299 
524880.00,1,0,1, 297.01,17.65,42.02,1775.969971,0.074,0.030,0.190918,0.079267,0.082972,0.096811,0.106228,0.106625,0.106612 
524880.00,1,0,7, 297.01,17.65,48.30,1773.589966,-1231.574,0.060,0.054810,0.038483,0.050112,0.061908,0.069642,0.070025,0.070013 
524940.00,1,0,1, 296.55,17.69,44.02,1835.969971,0.559,0.251,0.089537,0.062979,0.071988,0.092605,0.110691,0.110968,0.111064 
524940.00,1,0,7, 296.55,17.69,48.03,1833.589966,-1231.402,0.034,0.059381,0.039678,0.052510,0.068233,0.080826,0.081009,0.081085 
525000.00,1,0,1, 296.10,17.73,43.28,1895.969971,0.546,0.192,0.075740,0.068587,0.071189,0.084600,0.105862,0.106165,0.106360 
525000.00,1,0,7, 296.10,17.73,47.97,1893.589966,-1231.359,0.009,0.064522,0.039934,0.053855,0.063494,0.078363,0.078650,0.078781 
525060.00,1,0,1, 295.64,17.77,42.65,1955.969971,-0.059,0.161,0.092572,0.073723,0.078992,0.100148,0.119733,0.120573,0.120559 
525060.00,1,0,7, 295.64,17.77,47.86,1953.589966,-1231.390,0.005,0.067059,0.040472,0.053941,0.071989,0.086122,0.086830,0.086819 
525120.00,1,0,1, 295.19,17.80,41.67,2015.969971,-0.371,0.051,0.184110,0.082608,0.095889,0.135555,0.161131,0.162064,0.162110 
525120.00,1,0,7, 295.19,17.80,48.20,2013.589966,-1231.351,0.012,0.056224,0.038909,0.056843,0.091774,0.113094,0.113924,0.113955 
525180.00,1,0,1, 294.73,17.83,41.02,2075.969971,-0.860,0.218,0.104562,0.089032,0.090650,0.097923,0.103983,0.104906,0.105082 
525180.00,1,0,7, 294.73,17.83,48.30,2073.590088,-1231.370,0.020,0.056411,0.038482,0.048505,0.056376,0.062654,0.063763,0.063917 
525240.00,1,0,1, 294.27,17.86,41.37,2135.969971,-1.188,0.023,0.111558,0.085470,0.090307,0.108672,0.124450,0.125103,0.125111 
525240.00,1,0,7, 294.27,17.86,47.52,2133.590088,-1231.459,0.033,0.093382,0.042062,0.055151,0.072019,0.084770,0.085437,0.085437 
525300.00,1,0,1, 293.81,17.88,41.90,2195.969971,-1.107,0.086,0.128962,0.080394,0.091299,0.110631,0.136956,0.138215,0.138195 
525300.00,1,0,7, 293.81,17.88,46.36,2193.590088,-1231.636,0.065,0.084505,0.048076,0.059163,0.076015,0.096961,0.097926,0.097910 
525360.00,1,0,1, 293.35,17.89,43.83,2255.969971,-0.391,0.354,0.165172,0.064382,0.074862,0.090650,0.109543,0.109962,0.109946 
525360.00,1,0,7, 293.35,17.89,46.25,2253.590088,-1231.822,0.041,0.070356,0.048714,0.060638,0.073234,0.086170,0.086449,0.086435 
525420.00,1,0,1, 292.89,17.91,44.74,2315.969971,1.119,0.441,0.121447,0.057943,0.098930,0.110194,0.136826,0.137391,0.137369 
525420.00,1,0,7, 292.89,17.91,46.56,2313.590088,-1231.896,0.009,0.082590,0.047028,0.060283,0.071024,0.091860,0.092315,0.092299 
525480.00,1,0,1, 292.43,17.92,44.13,2375.969971,1.857,0.163,0.187311,0.062202,0.101926,0.119367,0.135381,0.135686,0.135738 
525480.00,1,0,7, 292.43,17.92,47.51,2373.590088,-1231.802,0.047,0.088026,0.042116,0.056217,0.073056,0.087781,0.088104,0.088149 
525540.00,1,0,1, 291.97,17.92,42.44,2435.969971,0.571,0.441,0.128041,0.075542,0.080542,0.086280,0.097535,0.097884,0.097922 
525540.00,1,0,7, 291.97,17.92,47.85,2433.590088,-1231.577,0.077,0.058223,0.040491,0.053080,0.057951,0.067791,0.068018,0.068045 
525600.00,1,0,1, 291.51,17.92,40.94,2495.969971,-0.489,0.187,0.208900,0.089875,0.169290,0.174638,0.181062,0.181004,0.181013 
525600.00,1,0,7, 291.51,17.92,47.35,2493.590088,-1231.371,0.039,0.066874,0.042892,0.053737,0.064200,0.073648,0.073753,0.073792 
525660.00,1,0,1, 291.04,17.92,41.41,2555.969971,-0.540,0.190,0.168338,0.085046,0.127311,0.138929,0.145157,0.145794,0.145770 
525660.00,1,0,7, 291.04,17.92,47.94,2553.590088,-1231.341,0.015,0.109198,0.040106,0.052306,0.067589,0.074850,0.075545,0.075533 
525720.00,1,0,1, 290.58,17.91,41.79,2615.969971,0.286,0.231,0.117847,0.081452,0.079358,0.088658,0.093033,0.093241,0.093247 
525720.00,1,0,7, 290.58,17.91,49.37,2613.590088,-1231.422,0.033,0.107768,0.033998,0.045241,0.054658,0.058203,0.058424,0.058431 
525780.00,1,0,1, 290.12,17.90,39.96,2675.969971,0.807,0.141,0.193747,0.100541,0.096119,0.113050,0.124420,0.125375,0.125498 
525780.00,1,0,7, 290.12,17.90,50.77,2673.590088,-1231.494,0.006,0.069210,0.028953,0.044715,0.062240,0.074493,0.075553,0.075669 
525840.00,1,0,1, 289.65,17.88,38.94,2735.969971,1.233,0.065,0.128157,0.113131,0.108902,0.119051,0.127777,0.128112,0.128109 
525840.00,1,0,7, 289.65,17.88,50.15,2733.590088,-1231.491,0.003,0.130660,0.031100,0.044228,0.057791,0.069830,0.070307,0.070308 
525900.00,1,0,1, 289.19,17.87,39.79,2795.969971,1.290,0.053,0.195530,0.102582,0.100252,0.115497,0.125582,0.126386,0.126366 
525900.00,1,0,7, 289.19,17.87,48.25,2793.590088,-1231.530,0.017,0.128539,0.038675,0.051692,0.066334,0.075486,0.076284,0.076272 
525960.00,1,0,1, 288.72,17.84,40.89,2855.969971,0.963,0.214,0.154495,0.090324,0.090686,0.114139,0.132304,0.132898,0.132902 
525960.00,1,0,7, 288.72,17.84,47.23,2853.590088,-1231.568,0.005,0.063043,0.043528,0.055483,0.075628,0.090463,0.091021,0.091025 
526020.00,1,0,1, 288.26,17.82,39.44,2915.969971,0.061,0.191,0.123129,0.106855,0.104540,0.118243,0.138002,0.138131,0.138122 
526020.00,1,0,7, 288.26,17.82,47.12,2913.590088,-1231.544,0.004,0.068363,0.044059,0.057181,0.069362,0.087775,0.087964,0.087962 
526080.00,1,0,1, 287.80,17.79,40.93,2975.969971,0.354,0.261,0.155805,0.089988,0.087295,0.097312,0.116240,0.116790,0.116944 
526080.00,1,0,7, 287.80,17.79,47.23,2973.590088,-1231.508,0.032,0.076644,0.043515,0.054333,0.063183,0.078630,0.079087,0.079219 
526140.00,1,0,1, 287.34,17.75,41.82,3035.969971,0.825,0.045,0.133628,0.081119,0.081801,0.100743,0.126163,0.127299,0.127279 
526140.00,1,0,7, 287.34,17.75,47.33,3033.590088,-1231.366,0.035,0.071746,0.043000,0.055236,0.070963,0.090854,0.091869,0.091854 
526200.00,1,0,1, 286.87,17.71,42.59,3095.969971,1.467,0.337,0.081271,0.074297,0.072541,0.087254,0.104372,0.104658,0.104733 
526200.00,1,0,7, 286.87,17.71,46.55,3093.590088,-1231.348,0.028,0.074179,0.047031,0.059468,0.070074,0.082940,0.083119,0.083163 
526260.00,1,0,1, 286.41,17.67,42.04,3155.969971,2.278,0.088,0.105390,0.079100,0.078394,0.094725,0.114332,0.114672,0.114731 
526260.00,1,0,7, 286.41,17.67,47.40,3153.590088,-1231.497,0.045,0.144078,0.042681,0.054082,0.066577,0.083530,0.083785,0.083851 
526320.00,1,0,1, 285.95,17.63,40.56,3215.969971,1.321,0.608,0.141233,0.093807,0.086369,0.103545,0.122678,0.123039,0.123018 
526320.00,1,0,7, 285.95,17.63,48.81,3213.590088,-1231.583,0.013,0.064296,0.036287,0.049905,0.068033,0.083463,0.083900,0.083888 
526380.00,1,0,1, 285.48,17.58,40.88,3275.969971,-0.214,0.143,0.130341,0.090500,0.087006,0.095932,0.107898,0.108474,0.108461 
526380.00,1,0,7, 285.48,17.58,48.50,3273.590088,-1231.651,0.020,0.088045,0.037601,0.050737,0.058991,0.069061,0.069381,0.069375 
526440.00,1,0,1, 285.02,17.53,41.26,3335.969971,-0.028,0.075,0.099867,0.086587,0.083571,0.097726,0.110352,0.111382,0.111491 
526440.00,1,0,7, 285.02,17.53,47.94,3333.590088,-1231.630,0.036,0.062125,0.040087,0.052538,0.064599,0.074896,0.075898,0.075970 
526500.00,1,0,1, 284.56,17.47,42.17,3395.969971,0.626,0.426,0.166757,0.077960,0.077371,0.090476,0.111303,0.111490,0.111541 
526500.00,1,0,7, 284.56,17.47,48.07,3393.590088,-1231.461,0.048,0.079529,0.039509,0.050793,0.062094,0.078766,0.078908,0.078948 
526560.00,1,0,1, 284.09,17.41,41.89,3455.969971,1.830,0.150,0.201021,0.080521,0.077316,0.089749,0.100862,0.100899,0.100917 
526560.00,1,0,7, 284.09,17.41,49.08,3453.590088,-1231.367,0.014,0.070820,0.035158,0.048058,0.059672,0.068346,0.068417,0.068426 
526620.00,1,0,1, 283.63,17.35,40.35,3515.969971,0.313,0.669,0.119600,0.096209,0.087983,0.096753,0.105190,0.105414,0.105411 
526620.00,1,0,7, 283.63,17.35,49.62,3513.590088,-1231.332,0.005,0.051606,0.033027,0.046631,0.055715,0.064321,0.064567,0.064569 
526680.00,1,0,1, 283.17,17.28,41.23,3575.969971,-0.942,0.087,0.139340,0.086872,0.083145,0.102453,0.144882,0.145010,0.145257 
526680.00,1,0,7, 283.17,17.28,49.19,3573.590088,-1231.394,0.029,0.048405,0.034713,0.049610,0.068034,0.099890,0.099995,0.100172 
526740.00,1,0,1, 282.71,17.21,42.19,3635.969971,-0.162,0.296,0.099878,0.077799,0.077532,0.096673,0.119149,0.119323,0.119401 
526740.00,1,0,7, 282.71,17.21,49.59,3633.590088,-1231.439,0.010,0.055191,0.033151,0.046426,0.063593,0.082372,0.082557,0.082618 
526800.00,1,0,1, 282.25,17.14,42.51,3695.969971,0.521,0.151,0.118460,0.074992,0.079076,0.102709,0.134566,0.135098,0.135151 
526800.00,1,0,7, 282.25,17.14,49.47,3693.590088,-1231.419,0.017,0.093849,0.033606,0.048129,0.068075,0.094606,0.095003,0.095045 
526860.00,1,0,1, 281.79,17.06,42.56,3755.969971,1.109,0.113,0.176673,0.074558,0.076745,0.084347,0.090435,0.090737,0.090725 
526860.00,1,0,7, 281.79,17.06,47.67,3753.590088,-1231.592,0.075,0.097063,0.041369,0.050295,0.056669,0.061223,0.061451,0.061443 
526920.00,1,0,1, 281.33,16.98,42.28,3815.969971,0.538,0.225,0.187707,0.076953,0.081870,0.099404,0.112520,0.112629,0.112731 
526920.00,1,0,7, 281.33,16.98,48.24,3813.590088,-1231.680,0.037,0.101147,0.038723,0.050760,0.065490,0.076650,0.076722,0.076805 
526980.00,1,0,1, 280.88,16.89,43.39,3875.969971,0.508,0.155,0.097229,0.067686,0.071849,0.084708,0.107642,0.108230,0.108440 
526980.00,1,0,7, 280.88,16.89,48.89,3873.590088,-1231.536,0.029,0.057074,0.035935,0.047666,0.058820,0.077139,0.077648,0.077821 
527040.00,1,0,1, 280.38,16.80,42.68,3935.969971,0.724,0.081,0.111354,0.073536,0.079351,0.090787,0.097984,0.098618,0.098807 
527040.00,1,0,7, 280.38,16.80,49.28,3933.590088,-1231.474,0.019,0.061771,0.034352,0.045283,0.056569,0.062314,0.062982,0.063149 
527100.00,1,0,1, 279.96,16.72,41.54,3995.969971,0.051,0.194,0.148907,0.083803,0.089108,0.107094,0.120344,0.120990,0.120984 
527100.00,1,0,7, 279.96,16.72,49.20,3993.590088,-1231.393,0.015,0.081718,0.034670,0.046799,0.063228,0.075596,0.076135,0.076141 
527160.00,1,0,1, 279.50,16.62,43.03,4055.969971,0.388,0.203,0.107681,0.070580,0.079354,0.101489,0.130969,0.131861,0.131913 
527160.00,1,0,7, 279.50,16.62,47.38,4053.590088,-1231.448,0.040,0.159885,0.042777,0.054606,0.072183,0.094340,0.095038,0.095058 
527220.00,1,0,1, 279.05,16.53,42.52,4115.970215,0.203,0.236,0.094167,0.074881,0.079628,0.094856,0.108987,0.109292,0.109274 
527220.00,1,0,7, 279.05,16.53,45.77,4113.589844,-1231.605,0.053,0.088813,0.051454,0.060574,0.072338,0.082057,0.082298,0.082286 
527280.00,1,0,1, 278.60,16.43,44.29,4175.970215,0.040,0.182,0.190433,0.061072,0.073569,0.089762,0.097467,0.098395,0.098657 
527280.00,1,0,7, 278.60,16.43,47.08,4173.589844,-1231.781,0.029,0.200136,0.044280,0.056257,0.068349,0.074930,0.075639,0.075827 
527340.00,1,0,1, 278.14,16.32,45.05,4235.970215,1.127,0.350,0.116837,0.055955,0.065077,0.078448,0.098782,0.099781,0.099768 
527340.00,1,0,7, 278.14,16.32,49.53,4233.589844,-1231.584,0.104,0.110322,0.033387,0.045267,0.055020,0.070855,0.071632,0.071627 
527400.00,1,0,1, 277.69,16.22,44.03,4295.970215,1.294,0.149,0.092260,0.062902,0.073337,0.101452,0.123091,0.123457,0.123548 
527400.00,1,0,7, 277.69,16.22,49.36,4293.589844,-1231.304,0.051,0.123504,0.034058,0.047773,0.069238,0.087531,0.087824,0.087905 
527460.00,1,0,1, 277.24,16.11,44.57,4355.970215,1.727,0.286,0.148036,0.059097,0.071740,0.104472,0.117614,0.117586,0.117687 
527460.00,1,0,7, 277.24,16.11,47.61,4353.589844,-1231.253,0.010,0.072924,0.041667,0.053484,0.078187,0.088293,0.088264,0.088321 
527520.00,1,0,1, 276.79,16.00,41.81,4415.970215,0.497,0.860,0.139520,0.081241,0.086662,0.101807,0.124628,0.125269,0.125516 
527520.00,1,0,7, 276.79,16.00,47.43,4413.589844,-1231.331,0.039,0.090168,0.042538,0.055404,0.067023,0.085678,0.086100,0.086267 
527580.00,1,0,1, 276.34,15.88,42.94,4475.970215,-0.695,0.226,0.147888,0.071298,0.075199,0.101670,0.114164,0.114860,0.114842 
527580.00,1,0,7, 276.34,15.88,45.93,4473.589844,-1231.559,0.072,0.079087,0.050512,0.059410,0.078120,0.087633,0.088075,0.088061 
527640.00,1,0,1, 275.89,15.76,42.18,4535.970215,0.623,0.376,0.280869,0.077903,0.085573,0.100158,0.116383,0.116486,0.116508 
527640.00,1,0,7, 275.89,15.76,47.08,4533.589844,-1231.513,0.089,0.111622,0.044263,0.053251,0.066609,0.080928,0.081032,0.081040 
527700.00,1,0,1, 275.45,15.64,39.60,4595.970215,-0.437,0.661,0.210012,0.104821,0.106930,0.119210,0.142530,0.142795,0.142771 
527700.00,1,0,7, 275.45,15.64,47.96,4593.589844,-1231.223,0.061,0.073220,0.040021,0.051609,0.064203,0.088191,0.088404,0.088390 
527760.00,1,0,1, 275.00,15.52,42.36,4655.970215,-0.836,0.317,0.150105,0.076225,0.079830,0.095845,0.108770,0.109390,0.109389 
527760.00,1,0,7, 275.00,15.52,45.89,4653.589844,-1231.266,0.089,0.209854,0.050783,0.061805,0.073969,0.082975,0.083377,0.083393 
527820.00,1,0,1, 274.55,15.39,41.86,4715.970215,0.699,0.430,0.247736,0.080760,0.086538,0.110072,0.125540,0.126224,0.126580 
527820.00,1,0,7, 274.55,15.39,43.91,4713.589844,-1231.639,0.095,0.101694,0.063774,0.072861,0.086793,0.098549,0.099018,0.099234 
527880.00,1,0,1, 274.11,15.27,39.41,4775.970215,-0.075,0.717,0.220445,0.107142,0.108645,0.119041,0.136480,0.136754,0.136733 
527880.00,1,0,7, 274.11,15.27,44.43,4773.589844,-1231.738,0.033,0.109495,0.060062,0.069753,0.078861,0.093429,0.093608,0.093592 
527940.00,1,0,1, 273.67,15.13,42.63,4835.970215,0.079,0.592,0.135211,0.073888,0.078579,0.092247,0.104711,0.104697,0.104689 
527940.00,1,0,7, 273.67,15.13,46.10,4833.589844,-1231.539,0.079,0.178659,0.049565,0.059725,0.069239,0.079112,0.079121,0.079121 
528000.00,1,0,1, 273.23,15.00,41.51,4895.970215,1.023,0.173,0.216348,0.084114,0.086229,0.106860,0.133970,0.135105,0.135086 
528000.00,1,0,7, 273.23,15.00,47.12,4893.589844,-1231.310,0.036,0.080836,0.044042,0.053882,0.071494,0.094092,0.094952,0.094936 
528060.00,1,0,1, 272.78,14.86,39.64,4955.970215,0.370,0.116,0.137889,0.104411,0.103192,0.115983,0.140237,0.141165,0.141221 
528060.00,1,0,7, 272.78,14.86,45.23,4953.589844,-1231.452,0.113,0.183034,0.054756,0.065299,0.076496,0.097122,0.097757,0.097795 
528120.00,1,0,1, 272.35,14.72,40.37,5015.970215,1.072,0.253,0.125111,0.095946,0.090438,0.098044,0.118667,0.119021,0.119025 
528120.00,1,0,7, 272.35,14.72,45.03,5013.589844,-1231.735,0.029,0.155586,0.056060,0.064394,0.069318,0.085202,0.085423,0.085440 
528180.00,1,0,1, 271.91,14.58,40.08,5075.970215,0.295,0.394,0.139966,0.099213,0.093547,0.102891,0.114771,0.115143,0.115149 
528180.00,1,0,7, 271.91,14.58,46.84,5073.589844,-1231.572,0.078,0.133011,0.045505,0.052971,0.062706,0.074258,0.074705,0.074715 
528240.00,1,0,1, 271.47,14.44,40.09,5135.970215,0.155,0.102,0.221853,0.099144,0.093913,0.099701,0.117101,0.117145,0.117239 
528240.00,1,0,7, 271.47,14.44,47.91,5133.589844,-1231.390,0.024,0.091405,0.040252,0.050367,0.057524,0.073236,0.073296,0.073398 
528300.00,1,0,1, 271.04,14.29,35.52,5195.970215,-1.086,0.939,0.319243,0.167992,0.148169,0.154745,0.173828,0.173761,0.173885 
528300.00,1,0,7, 271.04,14.29,45.38,5193.589844,-1231.480,0.084,0.219882,0.053851,0.062908,0.072268,0.095875,0.095901,0.096055 
528360.00,1,0,1, 270.60,14.14,40.01,5255.970215,-2.017,0.712,0.486680,0.100041,0.101533,0.114265,0.130266,0.131430,0.131415 
528360.00,1,0,7, 270.60,14.14,44.22,5253.589844,-1231.841,0.081,0.131031,0.061531,0.070399,0.080848,0.091425,0.092551,0.092546 
528420.00,1,0,1, 270.17,13.99,42.45,5315.970215,1.100,0.778,0.163212,0.075471,0.072344,0.086334,0.099119,0.099516,0.099565 
528420.00,1,0,7, 270.17,13.99,46.86,5313.589844,-1231.757,0.100,0.210218,0.045405,0.053286,0.065361,0.074722,0.075105,0.075129 
528480.00,1,0,1, 269.74,13.83,38.70,5375.970215,1.648,0.532,0.359753,0.116274,0.104325,0.110027,0.120586,0.121332,0.121376 
528480.00,1,0,7, 269.74,13.83,47.87,5373.589844,-1231.493,0.033,0.104313,0.040401,0.049573,0.056391,0.066412,0.067096,0.067177 
528540.00,1,0,1, 269.28,13.67,38.50,5435.970215,0.074,0.342,0.313700,0.119002,0.106857,0.117384,0.129829,0.130144,0.130269 
528540.00,1,0,7, 269.28,13.67,46.61,5433.589844,-1231.579,0.055,0.081315,0.046750,0.054422,0.064737,0.076479,0.076649,0.076806 
528600.00,1,0,1, 268.88,13.52,37.80,5495.970215,1.355,0.319,0.410180,0.129149,0.117636,0.129137,0.147831,0.148071,0.148047 
528600.00,1,0,7, 268.88,13.52,46.50,5493.589844,-1231.711,0.021,0.071590,0.047313,0.056166,0.070267,0.086894,0.087173,0.087158 
528660.00,1,0,1, 268.45,13.36,35.88,5555.970215,-0.601,0.468,0.263989,0.161123,0.134243,0.139767,0.141795,0.141978,0.141963 
528660.00,1,0,7, 268.45,13.36,47.05,5553.589844,-1231.737,0.010,0.065612,0.044442,0.054390,0.063718,0.066584,0.066860,0.066850 
528720.00,1,0,1, 268.03,13.20,36.23,5615.970215,-0.247,0.532,0.169867,0.154787,0.126888,0.141775,0.171501,0.171584,0.171594 
528720.00,1,0,7, 268.03,13.20,47.83,5613.589844,-1231.621,0.055,0.082136,0.040606,0.052478,0.069920,0.101042,0.101198,0.101237 
528780.00,1,0,1, 267.60,13.04,35.08,5675.970215,-0.594,0.851,0.291547,0.176827,0.154500,0.163604,0.178203,0.178569,0.178540 
528780.00,1,0,7, 267.60,13.04,47.57,5673.589844,-1231.488,0.016,0.098671,0.041838,0.052110,0.064938,0.083647,0.084397,0.084399 
528840.00,1,0,1, 267.18,12.87,40.55,5735.970215,-0.391,0.850,0.356218,0.093958,0.090293,0.101171,0.111168,0.111730,0.111959 
528840.00,1,0,7, 267.18,12.87,45.73,5733.589844,-1231.572,0.058,0.156872,0.051711,0.059758,0.069452,0.078123,0.078598,0.078778 
528900.00,1,0,1, 266.76,12.70,41.57,5795.970215,2.600,0.548,0.201110,0.083552,0.077619,0.094722,0.106443,0.106658,0.106641 
528900.00,1,0,7, 266.76,12.70,43.82,5793.589844,-1231.821,0.073,0.112894,0.064487,0.071374,0.081617,0.088261,0.088448,0.088434 
528960.00,1,0,1, 266.33,12.53,39.08,5855.970215,1.786,0.562,0.175480,0.111379,0.101880,0.117258,0.145960,0.147001,0.146982 
528960.00,1,0,7, 266.33,12.53,44.41,5853.589844,-1231.873,0.035,0.127568,0.060209,0.066829,0.079771,0.102012,0.102763,0.102754 
529020.00,1,0,1, 265.92,12.36,39.66,5915.970215,1.458,0.195,0.147200,0.104165,0.093305,0.106327,0.122554,0.123147,0.123199 
529020.00,1,0,7, 265.92,12.36,45.48,5913.589844,-1231.765,0.019,0.083246,0.053220,0.061611,0.073689,0.086201,0.086655,0.086674 
529080.00,1,0,1, 265.50,12.19,37.33,5975.970215,1.636,0.158,0.188951,0.136257,0.118480,0.129261,0.136043,0.136895,0.137030 
529080.00,1,0,7, 265.50,12.19,44.97,5973.589844,-1231.768,0.017,0.084446,0.056439,0.061943,0.071868,0.079065,0.079750,0.079869 
529140.00,1,0,1, 265.08,12.01,36.49,6035.970215,0.205,0.630,0.197470,0.150251,0.128342,0.137546,0.155214,0.155293,0.155364 
529140.00,1,0,7, 265.08,12.01,44.68,6033.589844,-1231.831,0.019,0.095166,0.058367,0.064580,0.073254,0.092858,0.092954,0.093048 
529200.00,1,0,1, 264.67,11.83,37.55,6095.970215,-0.489,0.390,0.241176,0.132877,0.112561,0.122579,0.130246,0.130529,0.130582 
529200.00,1,0,7, 264.67,11.83,44.09,6093.589844,-1231.927,0.028,0.104761,0.062491,0.068156,0.075930,0.083298,0.083569,0.083620 
529260.00,1,0,1, 264.25,11.65,39.05,6155.970215,1.272,0.489,0.154148,0.111737,0.098441,0.113909,0.146265,0.146750,0.146822 
529260.00,1,0,7, 264.25,11.65,46.20,6153.589844,-1231.769,0.106,0.199620,0.049003,0.057310,0.073094,0.099486,0.100054,0.100096 
529320.00,1,0,1, 263.84,11.48,38.20,6215.970215,0.782,0.655,0.158900,0.123329,0.108203,0.118144,0.138449,0.138707,0.138904 
529320.00,1,0,7, 263.84,11.48,47.38,6213.589844,-1231.486,0.040,0.086936,0.042781,0.050760,0.063256,0.083357,0.083541,0.083742 
529380.00,1,0,1, 263.43,11.29,40.72,6275.970215,-0.074,0.225,0.226312,0.092174,0.084434,0.090911,0.104153,0.104639,0.104629 
529380.00,1,0,7, 263.43,11.29,45.11,6273.589844,-1231.605,0.110,0.228496,0.055548,0.061210,0.066126,0.077180,0.077493,0.077490 
529440.00,1,0,1, 263.02,11.11,41.48,6335.970215,0.815,0.211,0.113432,0.084436,0.080205,0.097383,0.118694,0.119032,0.119265 
529440.00,1,0,7, 263.02,11.11,44.14,6333.589844,-1231.968,0.051,0.173700,0.062140,0.068099,0.079273,0.094218,0.094459,0.094576 
529500.00,1,0,1, 262.61,10.93,39.74,6395.970215,1.222,0.114,0.190945,0.103121,0.093720,0.112835,0.128391,0.128918,0.129418 
529500.00,1,0,7, 262.61,10.93,47.33,6393.589844,-1231.677,0.139,0.184366,0.043019,0.053284,0.070076,0.083019,0.083416,0.083840 
529560.00,1,0,1, 262.20,10.74,36.93,6455.970215,0.749,0.537,0.220581,0.142754,0.129446,0.140369,0.164523,0.164765,0.164852 
529560.00,1,0,7, 262.20,10.74,47.23,6453.589844,-1231.399,0.022,0.141229,0.043498,0.053012,0.067087,0.093802,0.094131,0.094239 
529620.00,1,0,1, 261.80,10.55,37.26,6515.970215,-0.452,0.184,0.180210,0.137446,0.123937,0.151485,0.168744,0.169292,0.169296 
529620.00,1,0,7, 261.80,10.55,44.03,6513.589844,-1231.585,0.114,0.340494,0.062876,0.073636,0.097901,0.113354,0.113726,0.113724 
546180.00,1,0,1, 166.90, 6.40,38.22,28.900000,-1.527,0.669,0.000000,0.122999,2239026.500000,4185911.500000,4556234.500000,4559929.000000,4559176.000000 
546180.00,1,0,7, 166.90, 6.40,42.10,26.639999,-1289.122,0.134,0.000000,0.078584,2538897.000000,4112896.750000,4646854.500000,4690293.500000,4689525.500000 
549420.00,1,0,1, 152.56,25.19,42.07,13.478000,-6.316,0.624,0.000000,0.078816,4252476.500000,6130473.000000,6940787.500000,7033522.000000,7033453.500000 
549420.00,1,0,7, 152.56,25.19,46.80,11.440000,-1288.752,0.014,0.000000,0.045732,2620727.750000,3867686.750000,4211855.500000,4245931.000000,4247206.500000 
549480.00,1,0,1, 152.27,25.57,41.67,73.477997,-5.329,0.411,0.195917,0.082547,184296.125000,505034.343750,1233004.625000,1241872.750000,1247613.750000 
549480.00,1,0,7, 152.27,25.57,47.01,71.440002,-1288.757,0.029,0.068676,0.044641,172618.390625,473910.656250,815390.437500,836348.875000,846063.187500 
549540.00,1,0,1, 151.98,25.96,40.86,133.477997,-4.654,0.082,0.203156,0.090718,12.851828,35.191105,57.901760,59.676716,60.426872 
549540.00,1,0,7, 151.98,25.96,46.52,131.440002,-1288.754,0.010,0.066915,0.047192,10.966696,32.668598,58.704235,58.696552,58.718605 
549600.00,1,0,1, 151.69,26.35,39.10,193.477997,-5.683,0.501,0.239363,0.111046,0.123311,0.133559,0.145953,0.146598,0.146655 
549600.00,1,0,7, 151.69,26.35,47.21,191.440002,-1288.705,0.018,0.072994,0.043628,0.059487,0.070239,0.080955,0.081609,0.081694 
549660.00,1,0,1, 151.39,26.74,40.14,253.477997,-6.432,0.120,0.183017,0.098481,0.103723,0.112692,0.124350,0.124472,0.124470 
549660.00,1,0,7, 151.39,26.74,47.76,251.440002,-1288.629,0.019,0.072531,0.040931,0.057305,0.066034,0.076237,0.076382,0.076391 
549720.00,1,0,1, 151.10,27.12,41.72,313.477997,-5.833,0.163,0.148177,0.082121,0.093506,0.109264,0.137086,0.137563,0.137573 
549720.00,1,0,7, 151.10,27.12,48.16,311.440002,-1288.637,0.030,0.059563,0.039088,0.055695,0.069881,0.094438,0.094803,0.094818 
549780.00,1,0,1, 150.80,27.51,42.20,373.477997,-5.672,0.120,0.115577,0.077678,0.087748,0.097449,0.109973,0.110817,0.110814 
549780.00,1,0,7, 150.80,27.51,48.84,371.440002,-1288.798,0.055,0.067337,0.036155,0.051857,0.062890,0.072477,0.073203,0.073213 
549840.00,1,0,1, 150.50,27.90,42.45,433.477997,-6.381,0.245,0.146666,0.075458,0.093195,0.106987,0.121416,0.121626,0.121610 
549840.00,1,0,7, 150.50,27.90,49.51,431.440002,-1288.908,0.010,0.075255,0.033482,0.051181,0.063881,0.078133,0.078342,0.078335 
549900.00,1,0,1, 150.20,28.29,42.94,493.477997,-6.741,0.078,0.126967,0.071292,0.086655,0.100227,0.118168,0.118605,0.118593 
549900.00,1,0,7, 150.20,28.29,49.91,491.440002,-1288.849,0.021,0.059265,0.031963,0.048977,0.062710,0.078662,0.079070,0.079061 
549960.00,1,0,1, 149.90,28.69,43.28,553.478027,-6.677,0.078,0.134025,0.068588,0.089458,0.101785,0.110051,0.110431,0.110414 
549960.00,1,0,7, 149.90,28.69,50.54,551.440002,-1288.822,0.005,0.043486,0.029710,0.046497,0.060486,0.067943,0.068311,0.068300 
550020.00,1,0,1, 149.59,29.08,43.30,613.478027,-7.100,0.139,0.144317,0.068407,0.088068,0.100717,0.117012,0.117438,0.117439 
550020.00,1,0,7, 149.59,29.08,51.23,611.440002,-1288.850,0.005,0.047233,0.027459,0.047075,0.058949,0.072249,0.072695,0.072712 
550080.00,1,0,1, 149.28,29.47,43.83,673.478027,-7.175,0.117,0.159159,0.064393,0.087831,0.093692,0.109659,0.109887,0.110159 
550080.00,1,0,7, 149.28,29.47,51.54,671.440002,-1288.809,0.028,0.058892,0.026499,0.045395,0.053183,0.068309,0.068614,0.068845 
550140.00,1,0,1, 148.97,29.87,45.47,733.478027,-6.586,0.180,0.088894,0.053293,0.072551,0.080324,0.091959,0.092090,0.092149 
550140.00,1,0,7, 148.97,29.87,52.02,731.440002,-1288.734,0.012,0.042154,0.025056,0.041970,0.050433,0.061199,0.061324,0.061377 
550200.00,1,0,1, 148.66,30.26,45.40,793.478027,-6.381,0.046,0.080326,0.053704,0.070866,0.084249,0.099479,0.099518,0.099562 
550200.00,1,0,7, 148.66,30.26,51.86,791.440002,-1288.734,0.007,0.035738,0.025516,0.041789,0.053647,0.066471,0.066483,0.066516 
550260.00,1,0,1, 148.34,30.66,45.88,853.478027,-6.454,0.025,0.100344,0.050805,0.071651,0.093419,0.122946,0.124009,0.124067 
550260.00,1,0,7, 148.34,30.66,51.96,851.440002,-1288.770,0.009,0.034803,0.025244,0.046963,0.065675,0.089295,0.090138,0.090173 
550320.00,1,0,1, 148.02,31.05,46.10,913.478027,-6.432,0.047,0.072710,0.049567,0.071237,0.095359,0.116521,0.116885,0.116925 
550320.00,1,0,7, 148.02,31.05,52.27,911.440002,-1288.795,0.006,0.035628,0.024357,0.046142,0.066371,0.083277,0.083556,0.083592 
550380.00,1,0,1, 147.70,31.45,46.54,973.478027,-6.569,0.019,0.065650,0.047131,0.065794,0.081963,0.099329,0.099419,0.099738 
550380.00,1,0,7, 147.70,31.45,52.29,971.440002,-1288.827,0.010,0.036860,0.024301,0.043532,0.057398,0.071462,0.071577,0.071817 
550440.00,1,0,1, 147.37,31.84,46.86,1033.478027,-6.573,0.015,0.062439,0.045398,0.067748,0.083997,0.130441,0.130571,0.130713 
550440.00,1,0,7, 147.37,31.84,52.57,1031.439941,-1288.840,0.004,0.038762,0.023525,0.043992,0.056931,0.093428,0.093547,0.093663 
550500.00,1,0,1, 147.04,32.24,46.31,1093.488037,-6.812,0.137,0.080385,0.048379,0.057700,0.090662,0.114024,0.114776,0.114789 
550500.00,1,0,7, 147.04,32.24,53.22,1091.449951,-1288.805,0.016,0.036529,0.021820,0.037631,0.063024,0.081450,0.081998,0.082004 
550560.00,1,0,1, 146.69,32.66,47.06,1153.488037,-7.062,0.037,0.073527,0.044365,0.049968,0.067419,0.076375,0.076411,0.076486 
550560.00,1,0,7, 146.69,32.66,53.21,1151.449951,-1288.781,0.008,0.032163,0.021852,0.034070,0.047077,0.054530,0.054569,0.054638 
550620.00,1,0,1, 146.37,33.03,47.11,1213.488037,-6.833,0.092,0.070092,0.044095,0.052424,0.068373,0.089762,0.089878,0.089900 
550620.00,1,0,7, 146.37,33.03,53.52,1211.449951,-1288.820,0.009,0.035737,0.021083,0.034995,0.048429,0.065691,0.065790,0.065818 
550680.00,1,0,1, 146.03,33.43,47.29,1273.488037,-6.577,0.025,0.063559,0.043226,0.056768,0.076796,0.096713,0.097328,0.097542 
550680.00,1,0,7, 146.03,33.43,53.56,1271.449951,-1288.837,0.002,0.036407,0.020983,0.035843,0.050991,0.066131,0.066609,0.066790 
550740.00,1,0,1, 145.69,33.83,46.89,1333.488037,-6.824,0.101,0.059290,0.045271,0.055595,0.078784,0.097756,0.098427,0.098792 
550740.00,1,0,7, 145.69,33.83,53.59,1331.449951,-1288.852,0.009,0.028919,0.020921,0.036256,0.056043,0.070757,0.071323,0.071575 
550800.00,1,0,1, 145.34,34.22,47.30,1393.488037,-6.896,0.026,0.062355,0.043163,0.056287,0.077368,0.102503,0.103229,0.103250 
550800.00,1,0,7, 145.34,34.22,53.98,1391.449951,-1288.887,0.006,0.028990,0.019995,0.036832,0.055193,0.073994,0.074654,0.074671 
550860.00,1,0,1, 144.99,34.62,47.27,1453.488037,-6.917,0.086,0.105255,0.043288,0.053003,0.068158,0.082875,0.083121,0.083148 
550860.00,1,0,7, 144.99,34.62,53.85,1451.449951,-1288.888,0.001,0.030415,0.020305,0.034081,0.047155,0.059514,0.059789,0.059802 
550920.00,1,0,1, 144.64,35.02,46.50,1513.488037,-7.404,0.139,0.089971,0.047349,0.057020,0.070774,0.099991,0.100758,0.100761 
550920.00,1,0,7, 144.64,35.02,53.73,1511.449951,-1288.875,0.009,0.030314,0.020581,0.035097,0.048414,0.070253,0.070795,0.070800 
550980.00,1,0,1, 144.28,35.41,46.75,1573.488037,-7.316,0.148,0.075676,0.045982,0.055083,0.077551,0.096581,0.097022,0.097007 
550980.00,1,0,7, 144.28,35.41,53.24,1571.449951,-1288.850,0.003,0.035144,0.021766,0.035236,0.053623,0.070107,0.070402,0.070391 
551040.00,1,0,1, 143.92,35.81,45.32,1633.488037,-6.988,0.034,0.122858,0.054208,0.057811,0.079044,0.093559,0.093615,0.093694 
551040.00,1,0,7, 143.92,35.81,53.25,1631.449951,-1288.850,0.003,0.034728,0.021760,0.036095,0.054622,0.064859,0.064923,0.064983 
551100.00,1,0,1, 143.55,36.21,45.61,1693.488037,-7.126,0.031,0.098327,0.052439,0.055383,0.072493,0.089001,0.089663,0.089662 
551100.00,1,0,7, 143.55,36.21,53.13,1691.449951,-1288.852,0.006,0.032207,0.022049,0.036003,0.050631,0.065075,0.065593,0.065591 
551160.00,1,0,1, 143.18,36.61,46.29,1753.488037,-6.981,0.072,0.080422,0.048460,0.055575,0.077501,0.112695,0.113217,0.113591 
551160.00,1,0,7, 143.18,36.61,52.96,1751.449951,-1288.825,0.011,0.031547,0.022490,0.035916,0.054901,0.082620,0.083037,0.083316 
551220.00,1,0,1, 142.80,37.00,46.55,1813.488037,-6.819,0.028,0.061684,0.047067,0.053716,0.075765,0.091680,0.092359,0.092360 
551220.00,1,0,7, 142.80,37.00,53.03,1811.449951,-1288.777,0.014,0.032765,0.022314,0.036170,0.053908,0.066524,0.067020,0.067019 
551280.00,1,0,1, 142.42,37.40,45.39,1873.488037,-7.254,0.246,0.123886,0.053800,0.062323,0.092915,0.120740,0.121126,0.121133 
551280.00,1,0,7, 142.42,37.40,53.45,1871.449951,-1288.764,0.005,0.032258,0.021266,0.038595,0.066218,0.087335,0.087676,0.087677 
551340.00,1,0,1, 142.03,37.79,45.47,1933.488037,-7.845,0.053,0.108785,0.053318,0.056049,0.071129,0.078954,0.079177,0.079170 
551340.00,1,0,7, 142.03,37.79,53.48,1931.449951,-1288.819,0.028,0.031348,0.021193,0.034232,0.046157,0.052911,0.053172,0.053166 
551400.00,1,0,1, 141.64,38.18,46.07,1993.488037,-7.528,0.109,0.070601,0.049752,0.054526,0.070750,0.086613,0.087870,0.087860 
551400.00,1,0,7, 141.64,38.18,52.94,1991.449951,-1288.902,0.013,0.032788,0.022543,0.035197,0.048806,0.061663,0.062631,0.062623 
551460.00,1,0,1, 141.25,38.58,46.70,2053.488037,-7.173,0.155,0.114088,0.046275,0.056897,0.081359,0.107044,0.107900,0.108048 
551460.00,1,0,7, 141.25,38.58,53.06,2051.449951,-1288.849,0.038,0.033513,0.022233,0.037527,0.056932,0.078161,0.078809,0.078910 
551520.00,1,0,1, 140.85,38.97,46.93,2113.488037,-6.754,0.066,0.058620,0.045064,0.051594,0.065353,0.078618,0.078666,0.078766 
551520.00,1,0,7, 140.85,38.97,52.42,2111.449951,-1288.764,0.008,0.068348,0.023926,0.035302,0.046132,0.056719,0.056763,0.056857 
551580.00,1,0,1, 140.44,39.36,48.02,2173.488037,-6.995,0.049,0.104630,0.039737,0.047792,0.065453,0.074304,0.075155,0.075143 
551580.00,1,0,7, 140.44,39.36,51.68,2171.449951,-1288.829,0.025,0.059161,0.026057,0.037008,0.050665,0.057492,0.058145,0.058136 
551640.00,1,0,1, 140.03,39.76,48.42,2233.488037,-6.632,0.132,0.069522,0.037930,0.049646,0.062164,0.079421,0.079537,0.079524 
551640.00,1,0,7, 140.03,39.76,51.25,2231.449951,-1288.867,0.006,0.039241,0.027383,0.038723,0.048882,0.060868,0.060963,0.060957 
551700.00,1,0,1, 139.61,40.15,48.00,2293.488037,-6.619,0.064,0.050013,0.039810,0.054602,0.096575,0.122211,0.122650,0.122786 
551700.00,1,0,7, 139.61,40.15,51.59,2291.449951,-1288.836,0.008,0.057866,0.026329,0.041297,0.071670,0.091084,0.091419,0.091529 
551760.00,1,0,1, 139.18,40.54,47.98,2353.488037,-6.751,0.036,0.051143,0.039892,0.049897,0.070398,0.093293,0.094075,0.094067 
551760.00,1,0,7, 139.18,40.54,52.35,2351.449951,-1288.832,0.007,0.055914,0.024132,0.036516,0.052444,0.069205,0.069834,0.069824 
551820.00,1,0,1, 138.76,40.93,48.20,2413.488037,-7.007,0.071,0.060812,0.038896,0.053877,0.083097,0.120216,0.120742,0.120754 
551820.00,1,0,7, 138.76,40.93,53.07,2411.449951,-1288.849,0.007,0.052177,0.022215,0.038396,0.061659,0.089616,0.090047,0.090048 
551880.00,1,0,1, 138.32,41.31,48.29,2473.488037,-7.063,0.045,0.083857,0.038526,0.056754,0.082157,0.103109,0.103372,0.103411 
551880.00,1,0,7, 138.32,41.31,53.65,2471.449951,-1288.825,0.005,0.032296,0.020777,0.038052,0.059417,0.074365,0.074575,0.074610 
551940.00,1,0,1, 137.88,41.70,47.53,2533.488037,-7.242,0.030,0.076544,0.042055,0.053668,0.073593,0.099290,0.099405,0.099418 
551940.00,1,0,7, 137.88,41.70,53.58,2531.449951,-1288.865,0.021,0.034584,0.020945,0.034923,0.051278,0.072065,0.072213,0.072227 
552000.00,1,0,1, 137.43,42.08,48.08,2593.488037,-7.104,0.071,0.063680,0.039439,0.058429,0.087786,0.116162,0.118055,0.118046 
552000.00,1,0,7, 137.43,42.08,53.93,2591.449951,-1288.906,0.003,0.045582,0.020105,0.037482,0.060757,0.082388,0.083874,0.083867 
552060.00,1,0,1, 136.97,42.47,48.23,2653.488037,-6.947,0.019,0.050657,0.038773,0.052434,0.083302,0.099665,0.100279,0.101075 
552060.00,1,0,7, 136.97,42.47,54.64,2651.449951,-1288.884,0.010,0.029479,0.018526,0.036063,0.061516,0.073667,0.074184,0.074701 
552120.00,1,0,1, 136.51,42.85,47.60,2713.488037,-6.914,0.062,0.110253,0.041715,0.064300,0.080295,0.097267,0.097733,0.097717 
552120.00,1,0,7, 136.51,42.85,54.07,2711.449951,-1288.888,0.011,0.041208,0.019801,0.035735,0.052460,0.066224,0.066679,0.066668 
552180.00,1,0,1, 136.04,43.23,47.27,2773.488037,-7.346,0.126,0.123081,0.043308,0.082639,0.107892,0.134563,0.136569,0.136635 
552180.00,1,0,7, 136.04,43.23,53.87,2771.449951,-1288.929,0.013,0.035195,0.020257,0.038007,0.064279,0.087378,0.089147,0.089198 
552240.00,1,0,1, 135.57,43.61,46.63,2833.488037,-7.638,0.046,0.096980,0.046650,0.068944,0.089067,0.107660,0.108681,0.108685 
552240.00,1,0,7, 135.57,43.61,53.99,2831.449951,-1288.948,0.010,0.042004,0.019971,0.035756,0.051875,0.069646,0.070443,0.070451 
552300.00,1,0,1, 135.08,43.98,47.85,2893.488037,-7.523,0.102,0.107467,0.040503,0.062858,0.077029,0.086113,0.086264,0.086484 
552300.00,1,0,7, 135.08,43.98,54.55,2891.449951,-1288.903,0.012,0.047373,0.018731,0.034730,0.047153,0.055381,0.055512,0.055717 
552360.00,1,0,1, 134.59,44.36,47.84,2953.488037,-7.298,0.024,0.090946,0.040538,0.068260,0.084837,0.107195,0.107546,0.107530 
552360.00,1,0,7, 134.59,44.36,55.09,2951.449951,-1288.872,0.005,0.029518,0.017594,0.033240,0.049089,0.068784,0.069085,0.069078 
552420.00,1,0,1, 134.09,44.73,47.94,3013.488037,-7.280,0.033,0.057229,0.040100,0.054927,0.082118,0.087948,0.088425,0.088412 
552420.00,1,0,7, 134.09,44.73,54.99,3011.449951,-1288.874,0.006,0.033678,0.017801,0.035217,0.058649,0.064091,0.064476,0.064466 
552480.00,1,0,1, 133.59,45.10,47.80,3073.488037,-7.415,0.037,0.057068,0.040730,0.053304,0.084549,0.097545,0.098392,0.098484 
552480.00,1,0,7, 133.59,45.10,54.80,3071.449951,-1288.914,0.012,0.038473,0.018193,0.035663,0.060718,0.070198,0.070769,0.070857 
552540.00,1,0,1, 133.07,45.47,47.84,3133.488037,-7.705,0.100,0.075664,0.040539,0.063198,0.094763,0.123547,0.124913,0.124900 
552540.00,1,0,7, 133.07,45.47,54.54,3131.449951,-1288.917,0.013,0.028396,0.018746,0.039160,0.066502,0.088995,0.090132,0.090123 
552600.00,1,0,1, 132.55,45.84,48.88,3193.488037,-7.564,0.203,0.089631,0.035966,0.049964,0.072199,0.087554,0.088576,0.088847 
552600.00,1,0,7, 132.55,45.84,54.20,3191.449951,-1288.865,0.010,0.038634,0.019493,0.034926,0.052911,0.064228,0.065079,0.065289 
552660.00,1,0,1, 132.01,46.20,48.45,3253.488037,-7.136,0.042,0.080913,0.037817,0.058534,0.069328,0.096568,0.096730,0.096774 
552660.00,1,0,7, 132.01,46.20,53.69,3251.449951,-1288.913,0.030,0.049816,0.020684,0.037430,0.045972,0.069013,0.069158,0.069211 
552720.00,1,0,1, 131.48,46.56,49.06,3313.488037,-7.072,0.098,0.063534,0.035259,0.050394,0.082092,0.107324,0.107492,0.107737 
552720.00,1,0,7, 131.48,46.56,53.24,3311.449951,-1288.999,0.015,0.032468,0.021777,0.038260,0.061823,0.081445,0.081550,0.081697 
552780.00,1,0,1, 130.93,46.92,47.65,3373.488037,-7.278,0.233,0.082967,0.041478,0.055847,0.072779,0.091346,0.092092,0.092124 
552780.00,1,0,7, 130.93,46.92,53.52,3371.449951,-1288.988,0.019,0.058869,0.021097,0.036794,0.051224,0.065831,0.066360,0.066388 
552840.00,1,0,1, 130.37,47.27,48.55,3433.488037,-7.613,0.056,0.103125,0.037363,0.051304,0.074736,0.114039,0.114098,0.114087 
552840.00,1,0,7, 130.37,47.27,54.26,3431.449951,-1288.900,0.024,0.038632,0.019355,0.035606,0.053449,0.083263,0.083341,0.083335 
552900.00,1,0,1, 129.80,47.63,49.89,3493.488037,-7.128,0.243,0.068861,0.032041,0.048255,0.060693,0.068689,0.070609,0.070758 
552900.00,1,0,7, 129.80,47.63,54.28,3491.449951,-1288.915,0.033,0.039724,0.019323,0.034781,0.045075,0.051803,0.053315,0.053435 
552960.00,1,0,1, 129.22,47.98,48.39,3553.488037,-6.549,0.123,0.182617,0.038084,0.055100,0.076537,0.091137,0.091293,0.091287 
552960.00,1,0,7, 129.22,47.98,54.27,3551.449951,-1288.964,0.022,0.043912,0.019349,0.036405,0.053607,0.065097,0.065166,0.065169 
553020.00,1,0,1, 128.64,48.32,47.70,3613.488037,-7.537,0.326,0.195544,0.041241,0.056690,0.095145,0.128707,0.129319,0.129321 
553020.00,1,0,7, 128.64,48.32,54.76,3611.449951,-1288.869,0.016,0.030017,0.018281,0.038742,0.068849,0.094541,0.094947,0.094953 
553080.00,1,0,1, 128.05,48.66,49.85,3673.488037,-7.371,0.308,0.070195,0.032170,0.049127,0.084361,0.117287,0.118272,0.118269 
553080.00,1,0,7, 128.05,48.66,54.38,3671.449951,-1288.905,0.019,0.029253,0.019108,0.035912,0.061523,0.086567,0.087239,0.087243 
553140.00,1,0,1, 127.44,49.00,49.11,3733.488037,-7.073,0.166,0.083473,0.035033,0.051767,0.081617,0.113698,0.114660,0.114808 
553140.00,1,0,7, 127.44,49.00,54.13,3731.449951,-1288.936,0.009,0.046819,0.019657,0.037737,0.061221,0.086771,0.087458,0.087563 
553200.00,1,0,1, 126.83,49.34,49.62,3793.488037,-7.186,0.081,0.093222,0.033027,0.049968,0.074308,0.104080,0.104577,0.104566 
553200.00,1,0,7, 126.83,49.34,53.35,3791.449951,-1288.965,0.005,0.032280,0.021513,0.037755,0.055955,0.077667,0.078054,0.078043 
553260.00,1,0,1, 126.20,49.67,50.10,3853.488037,-7.521,0.115,0.209089,0.031280,0.048205,0.072387,0.093976,0.094503,0.094612 
553260.00,1,0,7, 126.20,49.67,53.26,3851.449951,-1288.938,0.006,0.043520,0.021717,0.038722,0.056393,0.073226,0.073574,0.073654 
553320.00,1,0,1, 125.57,49.99,50.72,3913.488037,-6.677,0.257,0.192582,0.029101,0.047704,0.067787,0.091583,0.092078,0.092063 
553320.00,1,0,7, 125.57,49.99,53.12,3911.449951,-1288.937,0.005,0.039112,0.022080,0.038462,0.051689,0.069992,0.070280,0.070269 
553380.00,1,0,1, 124.92,50.32,49.84,3973.488037,-7.186,0.266,0.143777,0.032208,0.045804,0.063714,0.082298,0.084147,0.084450 
553380.00,1,0,7, 124.92,50.32,53.12,3971.449951,-1288.933,0.012,0.044393,0.022070,0.035806,0.048617,0.062622,0.064038,0.064258 
553440.00,1,0,1, 124.27,50.63,50.03,4033.488037,-7.056,0.139,0.115655,0.031521,0.048333,0.076781,0.094497,0.095076,0.095075 
553440.00,1,0,7, 124.27,50.63,52.77,4031.449951,-1288.968,0.005,0.032121,0.022985,0.038831,0.059225,0.072361,0.072753,0.072756 
553500.00,1,0,1, 123.60,50.95,49.51,4093.488037,-7.285,0.104,0.040494,0.033477,0.050025,0.074792,0.090395,0.090557,0.090722 
553500.00,1,0,7, 123.60,50.95,53.36,4091.449951,-1288.973,0.005,0.040633,0.021477,0.038991,0.055965,0.067418,0.067510,0.067621 
553560.00,1,0,1, 122.92,51.26,49.31,4153.487793,-7.261,0.056,0.043051,0.034248,0.047783,0.071394,0.088167,0.089017,0.089006 
553560.00,1,0,7, 122.92,51.26,53.23,4151.450195,-1288.964,0.004,0.035435,0.021804,0.036725,0.054747,0.066191,0.066866,0.066857 
553620.00,1,0,1, 122.23,51.56,49.69,4213.487793,-7.473,0.071,0.079965,0.032780,0.047326,0.058765,0.081588,0.082298,0.082287 
553620.00,1,0,7, 122.23,51.56,53.60,4211.450195,-1288.963,0.012,0.031464,0.020890,0.037657,0.045035,0.061350,0.061857,0.061852 
553680.00,1,0,1, 121.53,51.86,49.71,4273.487793,-7.199,0.110,0.120508,0.032698,0.049187,0.070702,0.093641,0.094933,0.094946 
553680.00,1,0,7, 121.53,51.86,53.98,4271.450195,-1288.985,0.003,0.037018,0.019997,0.036964,0.052755,0.068735,0.069644,0.069646 
553740.00,1,0,1, 120.82,52.15,50.90,4333.487793,-7.438,0.160,0.179726,0.028518,0.045484,0.065473,0.087128,0.087519,0.087622 
553740.00,1,0,7, 120.82,52.15,54.35,4331.450195,-1288.994,0.006,0.040062,0.019161,0.036468,0.050708,0.065996,0.066327,0.066380 
553800.00,1,0,1, 120.10,52.44,50.39,4393.487793,-7.050,0.187,0.148760,0.030248,0.050929,0.085594,0.106500,0.108700,0.108947 
553800.00,1,0,7, 120.10,52.44,54.42,4391.450195,-1288.968,0.012,0.030791,0.019007,0.039435,0.063825,0.079499,0.081049,0.081243 
553860.00,1,0,1, 119.36,52.73,50.49,4453.487793,-7.669,0.081,0.093631,0.029895,0.048015,0.073443,0.098445,0.099007,0.099100 
553860.00,1,0,7, 119.36,52.73,54.45,4451.450195,-1288.908,0.016,0.027652,0.018950,0.036597,0.054217,0.072245,0.072631,0.072708 
553920.00,1,0,1, 118.63,53.00,50.34,4513.487793,-7.517,0.053,0.072494,0.030406,0.050243,0.078526,0.108857,0.109464,0.109548 
553920.00,1,0,7, 118.63,53.00,54.41,4511.450195,-1288.906,0.025,0.042127,0.019033,0.037428,0.058302,0.080944,0.081417,0.081462 
553980.00,1,0,1, 117.87,53.27,50.25,4573.487793,-7.519,0.037,0.110892,0.030712,0.049586,0.071721,0.088456,0.088558,0.088568 
553980.00,1,0,7, 117.87,53.27,54.02,4571.450195,-1288.964,0.014,0.031786,0.019906,0.037018,0.054286,0.067939,0.068036,0.068044 
554040.00,1,0,1, 117.11,53.54,50.89,4633.487793,-7.206,0.123,0.039168,0.028549,0.047950,0.069650,0.103767,0.104049,0.104480 
554040.00,1,0,7, 117.11,53.54,54.30,4631.450195,-1288.917,0.005,0.030009,0.019282,0.037120,0.053101,0.078595,0.078835,0.079136 
554100.00,1,0,1, 116.33,53.80,50.37,4693.487793,-7.105,0.079,0.056905,0.030321,0.050531,0.086370,0.117429,0.117999,0.118240 
554100.00,1,0,7, 116.33,53.80,53.91,4691.450195,-1288.960,0.024,0.033250,0.020159,0.037955,0.066766,0.089271,0.089700,0.089878 
554160.00,1,0,1, 115.53,54.05,50.32,4753.487793,-7.276,0.020,0.038955,0.030491,0.049839,0.087759,0.119577,0.120473,0.120556 
554160.00,1,0,7, 115.53,54.05,54.40,4751.450195,-1288.993,0.003,0.032698,0.019049,0.037429,0.067010,0.090296,0.090907,0.090971 
554220.00,1,0,1, 114.74,54.29,50.68,4813.487793,-7.222,0.051,0.056912,0.029254,0.046829,0.060529,0.083934,0.084498,0.084530 
554220.00,1,0,7, 114.74,54.29,54.56,4811.450195,-1288.968,0.010,0.029377,0.018716,0.035264,0.045442,0.063248,0.063691,0.063719 
554280.00,1,0,1, 113.93,54.53,50.51,4873.487793,-7.236,0.143,0.046727,0.029810,0.047813,0.070507,0.098045,0.098614,0.098785 
554280.00,1,0,7, 113.93,54.53,54.05,4871.450195,-1288.986,0.013,0.031283,0.019838,0.036747,0.054692,0.074788,0.075252,0.075379 
554340.00,1,0,1, 113.11,54.77,51.16,4933.487793,-7.476,0.061,0.062863,0.027676,0.047579,0.066997,0.090893,0.091033,0.091164 
554340.00,1,0,7, 113.11,54.77,54.06,4931.450195,-1289.013,0.003,0.027504,0.019825,0.037101,0.052469,0.070491,0.070640,0.070720 
554400.00,1,0,1, 112.28,54.99,51.01,4993.487793,-7.364,0.032,0.060141,0.028160,0.048948,0.072785,0.102373,0.103300,0.103454 
554400.00,1,0,7, 112.28,54.99,53.92,4991.450195,-1289.016,0.007,0.033579,0.020131,0.038687,0.055991,0.077102,0.077928,0.078047 
554460.00,1,0,1, 111.43,55.21,50.70,5053.487793,-7.640,0.080,0.047334,0.029182,0.049459,0.075138,0.105257,0.106286,0.106285 
554460.00,1,0,7, 111.43,55.21,54.45,5051.450195,-1289.001,0.023,0.063781,0.018944,0.037367,0.056222,0.078878,0.079569,0.079571 
554520.00,1,0,1, 110.58,55.42,50.61,5113.487793,-7.639,0.104,0.053920,0.029496,0.046630,0.076409,0.110020,0.110131,0.110114 
554520.00,1,0,7, 110.58,55.42,54.76,5111.450195,-1288.945,0.007,0.026543,0.018285,0.035593,0.056980,0.081747,0.081831,0.081818 
554580.00,1,0,1, 109.72,55.62,50.09,5173.487793,-7.287,0.121,0.117019,0.031314,0.048590,0.066670,0.096255,0.096251,0.096243 
554580.00,1,0,7, 109.72,55.62,54.75,5171.450195,-1288.985,0.011,0.025629,0.018294,0.034825,0.049811,0.073006,0.073027,0.073018 
554640.00,1,0,1, 108.84,55.81,50.38,5233.487793,-7.847,0.096,0.081169,0.030275,0.047395,0.068418,0.084673,0.085240,0.085265 
554640.00,1,0,7, 108.84,55.81,54.67,5231.450195,-1288.965,0.013,0.029242,0.018468,0.035826,0.050466,0.063131,0.063541,0.063556 
554700.00,1,0,1, 107.96,56.00,50.59,5293.487793,-7.666,0.095,0.050140,0.029549,0.047328,0.066615,0.083892,0.084391,0.084379 
554700.00,1,0,7, 107.96,56.00,54.94,5291.450195,-1288.959,0.007,0.040184,0.017906,0.036226,0.051129,0.064515,0.064842,0.064834 
554760.00,1,0,1, 107.07,56.18,50.14,5353.487793,-7.664,0.044,0.056765,0.031136,0.048762,0.082833,0.123171,0.124553,0.124625 
554760.00,1,0,7, 107.07,56.18,55.08,5351.450195,-1288.968,0.002,0.027764,0.017628,0.036524,0.062793,0.092210,0.093169,0.093241 
554820.00,1,0,1, 106.17,56.34,50.89,5413.487793,-7.615,0.037,0.048779,0.028531,0.047447,0.076014,0.090812,0.091342,0.091477 
554820.00,1,0,7, 106.17,56.34,55.08,5411.450195,-1288.991,0.008,0.035284,0.017620,0.035947,0.057702,0.069062,0.069444,0.069533 
554880.00,1,0,1, 105.26,56.50,50.48,5473.487793,-7.480,0.042,0.043013,0.029909,0.049573,0.081061,0.098738,0.100104,0.100101 
554880.00,1,0,7, 105.26,56.50,55.16,5471.450195,-1288.944,0.013,0.041503,0.017467,0.036035,0.059690,0.072195,0.073222,0.073216 
554940.00,1,0,1, 104.34,56.65,50.43,5533.487793,-7.723,0.066,0.035325,0.030086,0.050470,0.080168,0.099331,0.099921,0.099905 
554940.00,1,0,7, 104.34,56.65,54.46,5531.450195,-1289.009,0.023,0.029008,0.018914,0.037505,0.059027,0.073218,0.073708,0.073696 
555000.00,1,0,1, 103.41,56.80,49.80,5593.487793,-7.833,0.170,0.108160,0.032379,0.051106,0.086538,0.100361,0.101187,0.101431 
555000.00,1,0,7, 103.41,56.80,54.41,5591.450195,-1288.995,0.011,0.030481,0.019028,0.037909,0.063177,0.073562,0.074197,0.074371 
555060.00,1,0,1, 102.47,56.93,50.41,5653.487793,-8.328,0.101,0.157650,0.030173,0.051418,0.078249,0.105947,0.107235,0.107252 
555060.00,1,0,7, 102.47,56.93,54.22,5651.450195,-1289.018,0.009,0.029386,0.019456,0.038496,0.058785,0.079478,0.080457,0.080462 
555120.00,1,0,1, 101.53,57.05,50.25,5713.487793,-7.966,0.055,0.103827,0.030714,0.047468,0.059350,0.072699,0.073502,0.073501 
555120.00,1,0,7, 101.53,57.05,53.99,5711.450195,-1289.036,0.011,0.040122,0.019975,0.035952,0.045095,0.054559,0.055242,0.055235 
555180.00,1,0,1, 100.58,57.17,50.53,5773.487793,-7.957,0.094,0.040858,0.029764,0.049952,0.080597,0.101048,0.101278,0.101262 
555180.00,1,0,7, 100.58,57.17,53.93,5771.450195,-1289.041,0.008,0.031139,0.020116,0.039155,0.062008,0.077967,0.078197,0.078186 
555240.00,1,0,1,  99.63,57.28,50.01,5833.487793,-8.035,0.133,0.064354,0.031597,0.053116,0.086307,0.107206,0.109289,0.109347 
555240.00,1,0,7,  99.63,57.28,53.66,5831.450195,-1289.058,0.010,0.032440,0.020752,0.041042,0.066593,0.082918,0.084479,0.084517 
555300.00,1,0,1,  98.67,57.37,50.28,5893.487793,-8.027,0.132,0.049752,0.030634,0.049377,0.068882,0.114683,0.115924,0.115928 
555300.00,1,0,7,  98.67,57.37,53.44,5891.450195,-1289.022,0.017,0.028737,0.021276,0.038438,0.052581,0.086258,0.087158,0.087162 
555360.00,1,0,1,  97.70,57.46,49.84,5953.487793,-8.041,0.079,0.036533,0.032229,0.049698,0.072577,0.104162,0.104156,0.104239 
555360.00,1,0,7,  97.70,57.46,53.55,5951.450195,-1289.038,0.020,0.037292,0.021017,0.038682,0.055720,0.079751,0.079771,0.079820 
555420.00,1,0,1,  96.74,57.53,49.91,6013.487793,-7.875,0.094,0.043712,0.031960,0.049693,0.071875,0.117004,0.117491,0.117810 
555420.00,1,0,7,  96.74,57.53,54.06,6011.450195,-1289.070,0.004,0.044212,0.019824,0.037697,0.053723,0.086837,0.087180,0.087414 
555480.00,1,0,1,  95.76,57.60,50.54,6073.487793,-8.046,0.096,0.132278,0.029732,0.048356,0.073495,0.104476,0.105648,0.105839 
555480.00,1,0,7,  95.76,57.60,54.48,6071.450195,-1289.037,0.013,0.039630,0.018888,0.036774,0.056458,0.079500,0.080400,0.080511 
555540.00,1,0,1,  94.79,57.66,51.05,6133.487793,-7.444,0.165,0.077570,0.028011,0.044387,0.067341,0.088020,0.088458,0.088461 
555540.00,1,0,7,  94.79,57.66,54.93,6131.450195,-1289.006,0.006,0.041559,0.017927,0.034304,0.051779,0.067630,0.067945,0.067941 
555600.00,1,0,1,  93.81,57.70,50.93,6193.487793,-7.523,0.100,0.041081,0.028412,0.045915,0.071839,0.087474,0.088904,0.088890 
555600.00,1,0,7,  93.81,57.70,54.88,6191.450195,-1288.987,0.005,0.046659,0.018022,0.034781,0.053908,0.065427,0.066428,0.066417 
555660.00,1,0,1,  92.82,57.74,51.35,6253.487793,-7.880,0.068,0.070034,0.027085,0.043497,0.061178,0.077836,0.078211,0.078283 
555660.00,1,0,7,  92.82,57.74,54.76,6251.450195,-1289.013,0.005,0.028883,0.018279,0.035483,0.046816,0.059114,0.059419,0.059474 
555720.00,1,0,1,  91.85,57.76,51.26,6313.487793,-7.527,0.085,0.074275,0.027367,0.045841,0.078379,0.100177,0.101339,0.101411 
555720.00,1,0,7,  91.85,57.76,54.55,6311.450195,-1288.983,0.008,0.050299,0.018721,0.036583,0.058038,0.075342,0.076284,0.076334 
555780.00,1,0,1,  90.86,57.78,51.14,6373.487793,-7.837,0.075,0.067143,0.027734,0.048215,0.081259,0.112223,0.113499,0.113544 
555780.00,1,0,7,  90.86,57.78,53.87,6371.450195,-1289.006,0.012,0.041328,0.020258,0.038303,0.063121,0.085789,0.086805,0.086846 
555840.00,1,0,1,  89.88,57.79,50.87,6433.487793,-7.875,0.096,0.072276,0.028614,0.043869,0.055001,0.066896,0.067182,0.067193 
555840.00,1,0,7,  89.88,57.79,53.71,6431.450195,-1289.030,0.009,0.062811,0.020631,0.035505,0.043944,0.052424,0.052603,0.052610 
555900.00,1,0,1,  88.90,57.78,51.27,6493.487793,-7.992,0.151,0.060378,0.027328,0.054727,0.101196,0.112053,0.113571,0.113558 
555900.00,1,0,7,  88.90,57.78,52.57,6491.450195,-1289.108,0.032,0.053609,0.023528,0.041665,0.066725,0.073969,0.074242,0.074236 
555960.00,1,0,1,  87.92,57.77,50.50,6553.487793,-7.905,0.140,0.065399,0.029841,0.046559,0.063212,0.085739,0.086289,0.086301 
555960.00,1,0,7,  87.92,57.77,52.83,6551.450195,-1289.158,0.017,0.095548,0.022820,0.038817,0.049860,0.065564,0.065976,0.065988 
556020.00,1,0,1,  86.94,57.74,51.05,6613.487793,-7.871,0.137,0.039715,0.028013,0.046509,0.068703,0.086482,0.087365,0.087381 
556020.00,1,0,7,  86.94,57.74,53.98,6611.450195,-1289.062,0.024,0.033709,0.019991,0.036505,0.052929,0.066581,0.067278,0.067288 
556080.00,1,0,1,  85.97,57.71,51.10,6673.487793,-7.603,0.049,0.074026,0.027877,0.044455,0.058177,0.067849,0.068584,0.068600 
556080.00,1,0,7,  85.97,57.71,54.48,6671.450195,-1289.022,0.013,0.075867,0.018888,0.034658,0.044116,0.051843,0.052305,0.052307 
556140.00,1,0,1,  85.00,57.66,50.52,6733.487793,-8.173,0.220,0.082172,0.029781,0.047285,0.066472,0.083618,0.084541,0.084530 
556140.00,1,0,7,  85.00,57.66,55.46,6731.450195,-1288.975,0.009,0.028640,0.016860,0.035094,0.050825,0.063012,0.063672,0.063663 
556200.00,1,0,1,  84.03,57.61,50.81,6793.487793,-8.231,0.079,0.057095,0.028813,0.046798,0.063920,0.086362,0.086811,0.086850 
556200.00,1,0,7,  84.03,57.61,54.95,6791.450195,-1288.981,0.014,0.050663,0.017895,0.035368,0.048048,0.064799,0.065122,0.065159 
556260.00,1,0,1,  83.06,57.54,50.66,6853.487793,-8.180,0.041,0.065654,0.029318,0.046604,0.064214,0.089325,0.089362,0.089352 
556260.00,1,0,7,  83.06,57.54,54.74,6851.450195,-1289.045,0.014,0.035889,0.018324,0.035769,0.048706,0.067922,0.067976,0.067967 
556320.00,1,0,1,  82.11,57.47,50.06,6913.487793,-8.058,0.144,0.131169,0.031416,0.047248,0.074022,0.091561,0.091839,0.091855 
556320.00,1,0,7,  82.11,57.47,55.02,6911.450195,-1289.019,0.020,0.029772,0.017736,0.035251,0.055662,0.068587,0.068754,0.068756 
556380.00,1,0,1,  81.17,57.38,50.81,6973.487793,-8.391,0.168,0.092542,0.028802,0.048509,0.077220,0.099389,0.099817,0.099969 
556380.00,1,0,7,  81.17,57.38,54.74,6971.450195,-1288.972,0.006,0.071654,0.018324,0.036943,0.059400,0.074600,0.074920,0.075007 
556440.00,1,0,1,  80.22,57.29,50.13,7033.487793,-7.957,0.117,0.096706,0.031158,0.047975,0.068038,0.091287,0.091448,0.091589 
556440.00,1,0,7,  80.22,57.29,53.63,7031.450195,-1289.057,0.046,0.069863,0.020822,0.037198,0.051890,0.068492,0.068620,0.068720 
556500.00,1,0,1,  79.29,57.18,50.53,7093.487793,-8.263,0.051,0.050484,0.029739,0.050843,0.075599,0.089026,0.089491,0.089498 
556500.00,1,0,7,  79.29,57.18,53.93,7091.450195,-1289.138,0.018,0.047767,0.020111,0.039818,0.057102,0.066706,0.067023,0.067032 
556560.00,1,0,1,  78.35,57.07,50.03,7153.487793,-8.182,0.021,0.044927,0.031522,0.053462,0.085560,0.121408,0.121591,0.121577 
556560.00,1,0,7,  78.35,57.07,53.36,7151.450195,-1289.091,0.015,0.052602,0.021484,0.040053,0.062848,0.089546,0.089720,0.089717 
556620.00,1,0,1,  77.44,56.94,50.21,7213.487793,-8.101,0.092,0.056847,0.030869,0.049194,0.065094,0.097414,0.097802,0.097795 
556620.00,1,0,7,  77.44,56.94,54.16,7211.450195,-1289.132,0.017,0.108490,0.019584,0.035879,0.049135,0.073574,0.073862,0.073856 
556680.00,1,0,1,  76.53,56.81,50.42,7273.487793,-8.101,0.074,0.067800,0.030134,0.058714,0.085382,0.114438,0.114844,0.114892 
556680.00,1,0,7,  76.53,56.81,54.82,7271.450195,-1289.015,0.035,0.035525,0.018161,0.041873,0.061658,0.086004,0.086304,0.086350 
556740.00,1,0,1,  75.63,56.67,50.66,7333.487793,-7.884,0.098,0.107971,0.029304,0.047506,0.059935,0.077219,0.078091,0.078098 
556740.00,1,0,7,  75.63,56.67,54.32,7331.450195,-1289.010,0.024,0.038837,0.019236,0.034061,0.043395,0.055509,0.056193,0.056194 
556800.00,1,0,1,  74.74,56.52,50.29,7393.487793,-8.276,0.128,0.069482,0.030588,0.049786,0.076877,0.102195,0.103290,0.103304 
556800.00,1,0,7,  74.74,56.52,55.18,7391.450195,-1289.012,0.025,0.061274,0.017427,0.036018,0.057469,0.076976,0.077806,0.077814 
556860.00,1,0,1,  73.85,56.35,49.42,7453.487793,-8.321,0.084,0.058875,0.033815,0.048797,0.064806,0.078671,0.079807,0.079897 
556860.00,1,0,7,  73.85,56.35,54.91,7451.450195,-1288.982,0.016,0.051481,0.017976,0.034620,0.047090,0.057655,0.058496,0.058571 
556920.00,1,0,1,  72.99,56.19,49.91,7513.487793,-8.478,0.093,0.060345,0.031941,0.048592,0.067169,0.097706,0.098645,0.098895 
556920.00,1,0,7,  72.99,56.19,54.98,7511.450195,-1289.017,0.012,0.056789,0.017828,0.034626,0.049669,0.072576,0.073245,0.073451 
556980.00,1,0,1,  72.13,56.01,49.43,7573.487793,-8.488,0.149,0.084019,0.033760,0.051143,0.084755,0.097180,0.099078,0.099116 
556980.00,1,0,7,  72.13,56.01,55.26,7571.450195,-1288.971,0.009,0.050311,0.017254,0.036043,0.060944,0.071185,0.072732,0.072766 
557040.00,1,0,1,  71.29,55.82,50.85,7633.487793,-8.140,0.319,0.070621,0.028670,0.047571,0.064708,0.098663,0.099745,0.099753 
557040.00,1,0,7,  71.29,55.82,55.00,7631.450195,-1289.018,0.010,0.040534,0.017786,0.035197,0.048554,0.074361,0.075207,0.075215 
557100.00,1,0,1,  70.46,55.63,50.27,7693.487793,-7.969,0.197,0.098454,0.030674,0.045798,0.061819,0.090496,0.090972,0.090973 
557100.00,1,0,7,  70.46,55.63,55.29,7691.450195,-1288.988,0.015,0.025294,0.017198,0.033610,0.046527,0.067175,0.067511,0.067514 
557160.00,1,0,1,  69.63,55.43,50.80,7753.487793,-7.827,0.153,0.059505,0.028849,0.046131,0.058600,0.084539,0.084747,0.084820 
557160.00,1,0,7,  69.63,55.43,55.53,7751.450195,-1288.978,0.004,0.032117,0.016739,0.034257,0.043603,0.063530,0.063685,0.063734 
557220.00,1,0,1,  68.82,55.22,50.50,7813.487793,-7.744,0.050,0.035891,0.029864,0.046060,0.071943,0.085619,0.086476,0.086462 
557220.00,1,0,7,  68.82,55.22,55.39,7811.450195,-1288.960,0.008,0.046107,0.017000,0.034210,0.053325,0.063991,0.064667,0.064657 
557280.00,1,0,1,  68.02,55.00,50.65,7873.487793,-7.653,0.063,0.061341,0.029361,0.046957,0.060345,0.087845,0.088036,0.088030 
557280.00,1,0,7,  68.02,55.00,54.25,7871.450195,-1289.008,0.035,0.074131,0.019383,0.034718,0.044606,0.064748,0.064901,0.064899 
557340.00,1,0,1,  67.24,54.77,50.24,7933.487793,-7.957,0.066,0.045815,0.030752,0.048087,0.059769,0.087242,0.087752,0.087884 
557340.00,1,0,7,  67.24,54.77,54.96,7931.450195,-1289.050,0.023,0.079377,0.017868,0.035107,0.044070,0.064757,0.065249,0.065353 
557400.00,1,0,1,  66.47,54.54,49.70,7993.487793,-8.359,0.147,0.053395,0.032725,0.050765,0.074311,0.108196,0.108334,0.108383 
557400.00,1,0,7,  66.47,54.54,54.67,7991.450195,-1289.002,0.020,0.089633,0.018463,0.035957,0.052868,0.078522,0.078601,0.078628 
557460.00,1,0,1,  65.70,54.29,49.81,8053.487793,-8.354,0.140,0.039238,0.032335,0.046526,0.061823,0.091663,0.091840,0.091828 
557460.00,1,0,7,  65.70,54.29,54.02,8051.450195,-1289.105,0.019,0.055427,0.019915,0.035582,0.046057,0.068820,0.068958,0.068949 
557520.00,1,0,1,  64.96,54.05,50.11,8113.487793,-8.094,0.026,0.040853,0.031246,0.046259,0.070080,0.097866,0.098167,0.098215 
557520.00,1,0,7,  64.96,54.05,54.92,8111.450195,-1289.033,0.037,0.038885,0.017938,0.034765,0.052970,0.073204,0.073404,0.073440 
557580.00,1,0,1,  64.23,53.79,50.28,8173.487793,-7.860,0.051,0.051349,0.030622,0.048297,0.083957,0.108824,0.109661,0.109785 
557580.00,1,0,7,  64.23,53.79,54.27,8171.450195,-1289.015,0.027,0.054537,0.019341,0.036063,0.063228,0.081156,0.081745,0.081811 
557640.00,1,0,1,  63.51,53.53,50.65,8233.488281,-7.770,0.067,0.051734,0.029360,0.045318,0.066508,0.080996,0.081484,0.081475 
557640.00,1,0,7,  63.51,53.53,54.95,8231.450195,-1289.040,0.028,0.086803,0.017889,0.033132,0.048319,0.060280,0.060639,0.060637 
557700.00,1,0,1,  62.80,53.26,50.42,8293.488281,-7.684,0.013,0.055012,0.030124,0.042914,0.057940,0.068414,0.069147,0.069200 
557700.00,1,0,7,  62.80,53.26,55.34,8291.450195,-1288.947,0.012,0.027759,0.017099,0.033154,0.044103,0.052227,0.052703,0.052741 
557760.00,1,0,1,  62.11,52.99,51.16,8353.488281,-7.511,0.127,0.040414,0.027660,0.044181,0.065249,0.094001,0.094167,0.094161 
557760.00,1,0,7,  62.11,52.99,55.68,8351.450195,-1288.914,0.017,0.028242,0.016438,0.033159,0.050312,0.070340,0.070479,0.070482 
557820.00,1,0,1,  61.43,52.71,50.74,8413.488281,-7.325,0.028,0.054997,0.029038,0.042839,0.065805,0.074017,0.074113,0.074105 
557820.00,1,0,7,  61.43,52.71,54.86,8411.450195,-1288.901,0.019,0.078089,0.018064,0.033806,0.050767,0.056507,0.056612,0.056603 
557880.00,1,0,1,  60.77,52.42,51.04,8473.488281,-7.072,0.087,0.086784,0.028051,0.044983,0.061578,0.083063,0.083482,0.083546 
557880.00,1,0,7,  60.77,52.42,54.02,8471.450195,-1289.002,0.028,0.032659,0.019909,0.035315,0.047468,0.062578,0.062798,0.062846 
557940.00,1,0,1,  60.12,52.13,49.94,8533.488281,-7.493,0.268,0.048994,0.031844,0.043843,0.061913,0.083715,0.084006,0.084006 
557940.00,1,0,7,  60.12,52.13,54.59,8531.450195,-1289.012,0.017,0.033444,0.018651,0.032927,0.046136,0.062086,0.062282,0.062278 
558000.00,1,0,1,  59.48,51.83,49.48,8593.488281,-8.087,0.063,0.054875,0.033593,0.045561,0.065343,0.082591,0.082679,0.082665 
558000.00,1,0,7,  59.48,51.83,54.05,8591.450195,-1288.998,0.023,0.078145,0.019843,0.033175,0.046707,0.060205,0.060259,0.060253 
558060.00,1,0,1,  58.85,51.53,48.84,8653.488281,-8.574,0.172,0.048645,0.036131,0.047126,0.060627,0.090303,0.091247,0.091346 
558060.00,1,0,7,  58.85,51.53,53.99,8651.450195,-1289.064,0.009,0.039207,0.019982,0.035035,0.045694,0.067339,0.068057,0.068132 
558120.00,1,0,1,  58.24,51.22,49.25,8713.488281,-8.417,0.155,0.054516,0.034493,0.048756,0.072036,0.097645,0.097830,0.097831 
558120.00,1,0,7,  58.24,51.22,53.56,8711.450195,-1289.027,0.005,0.036523,0.020981,0.036149,0.054771,0.074526,0.074678,0.074688 
558180.00,1,0,1,  57.64,50.91,49.75,8773.488281,-8.012,0.124,0.062502,0.032553,0.045473,0.056146,0.069041,0.069138,0.069198 
558180.00,1,0,7,  57.64,50.91,53.95,8771.450195,-1289.007,0.021,0.075766,0.020077,0.033503,0.042512,0.052976,0.053055,0.053097 
558240.00,1,0,1,  57.05,50.59,50.20,8833.488281,-7.520,0.160,0.045757,0.030899,0.043515,0.061414,0.071171,0.071564,0.071579 
558240.00,1,0,7,  57.05,50.59,54.71,8831.450195,-1288.924,0.016,0.027585,0.018384,0.032879,0.046304,0.053752,0.054006,0.054016 
558300.00,1,0,1,  56.48,50.27,50.82,8893.488281,-7.092,0.094,0.042827,0.028770,0.043726,0.054631,0.079398,0.079780,0.079781 
558300.00,1,0,7,  56.48,50.27,54.56,8891.450195,-1288.920,0.007,0.035846,0.018704,0.033179,0.040772,0.059644,0.059926,0.059923 
558360.00,1,0,1,  55.92,49.94,49.95,8953.488281,-7.016,0.076,0.052390,0.031818,0.043907,0.060088,0.068957,0.069518,0.069554 
558360.00,1,0,7,  55.92,49.94,54.42,8951.450195,-1288.927,0.008,0.034095,0.019005,0.033408,0.044576,0.052039,0.052447,0.052489 
558420.00,1,0,1,  55.37,49.61,50.67,9013.488281,-7.134,0.017,0.039952,0.029286,0.046657,0.071560,0.104793,0.105275,0.105439 
558420.00,1,0,7,  55.37,49.61,54.21,9011.450195,-1288.921,0.015,0.048308,0.019483,0.035025,0.052601,0.077175,0.077512,0.077603 
558480.00,1,0,1,  54.84,49.27,50.05,9073.488281,-7.415,0.144,0.054563,0.031429,0.048261,0.080347,0.115224,0.115602,0.115683 
558480.00,1,0,7,  54.84,49.27,54.05,9071.450195,-1288.989,0.015,0.047013,0.019850,0.036179,0.059811,0.085422,0.085672,0.085724 
558540.00,1,0,1,  54.31,48.93,50.03,9133.488281,-7.344,0.132,0.039396,0.031531,0.047724,0.073223,0.098878,0.099310,0.099324 
558540.00,1,0,7,  54.31,48.93,54.62,9131.450195,-1288.986,0.009,0.031445,0.018568,0.035476,0.054656,0.073124,0.073467,0.073476 
558600.00,1,0,1,  53.80,48.58,49.38,9193.488281,-7.401,0.187,0.080904,0.033986,0.050137,0.068022,0.095224,0.095643,0.095628 
558600.00,1,0,7,  53.80,48.58,54.01,9191.450195,-1288.993,0.009,0.039863,0.019921,0.036204,0.050611,0.070739,0.071033,0.071022 
558660.00,1,0,1,  53.30,48.23,49.66,9253.488281,-7.829,0.029,0.049903,0.032885,0.046133,0.067369,0.086827,0.086868,0.087085 
558660.00,1,0,7,  53.30,48.23,54.42,9251.450195,-1288.963,0.026,0.061804,0.019008,0.033874,0.051731,0.065292,0.065352,0.065528 
558720.00,1,0,1,  52.82,47.88,49.43,9313.488281,-7.797,0.058,0.063367,0.033755,0.050027,0.069924,0.096814,0.098074,0.098171 
558720.00,1,0,7,  52.82,47.88,54.73,9311.450195,-1288.894,0.007,0.037922,0.018336,0.034806,0.051682,0.072180,0.073084,0.073172 
558780.00,1,0,1,  52.34,47.53,48.91,9373.488281,-7.954,0.018,0.051009,0.035852,0.049703,0.077543,0.095483,0.096303,0.096388 
558780.00,1,0,7,  52.34,47.53,54.49,9371.450195,-1288.918,0.008,0.030980,0.018868,0.033987,0.055783,0.069685,0.070416,0.070512 
558840.00,1,0,1,  51.88,47.17,48.59,9433.488281,-7.995,0.043,0.067319,0.037210,0.055761,0.082716,0.117302,0.118148,0.118132 
558840.00,1,0,7,  51.88,47.17,54.33,9431.450195,-1288.902,0.006,0.050017,0.019202,0.036605,0.059358,0.085827,0.086438,0.086423 
558900.00,1,0,1,  51.43,46.81,49.61,9493.488281,-7.513,0.227,0.071864,0.033082,0.048889,0.073861,0.083776,0.084330,0.084334 
558900.00,1,0,7,  51.43,46.81,53.47,9491.450195,-1288.948,0.027,0.058985,0.021220,0.035003,0.054342,0.061413,0.061906,0.061908 
558960.00,1,0,1,  50.98,46.44,48.55,9553.488281,-7.325,0.104,0.086365,0.037378,0.050791,0.062823,0.075987,0.076188,0.076207 
558960.00,1,0,7,  50.98,46.44,53.35,9551.450195,-1289.001,0.003,0.034337,0.021496,0.035240,0.045096,0.054967,0.055117,0.055127 
559020.00,1,0,1,  50.56,46.07,49.21,9613.488281,-7.301,0.123,0.062703,0.034625,0.047805,0.063893,0.082738,0.082966,0.083230 
559020.00,1,0,7,  50.56,46.07,53.63,9611.450195,-1288.993,0.008,0.033403,0.020828,0.034207,0.045921,0.059588,0.059798,0.059966 
559080.00,1,0,1,  50.14,45.70,48.26,9673.488281,-7.222,0.102,0.059806,0.038658,0.049405,0.072601,0.082481,0.082936,0.082944 
559080.00,1,0,7,  50.14,45.70,53.77,9671.450195,-1288.958,0.008,0.030673,0.020501,0.034283,0.052796,0.060463,0.060821,0.060827 
559140.00,1,0,1,  49.73,45.33,49.18,9733.488281,-7.430,0.021,0.053363,0.034766,0.049198,0.068509,0.083062,0.084112,0.084221 
559140.00,1,0,7,  49.73,45.33,53.29,9731.450195,-1288.964,0.010,0.071992,0.021662,0.035426,0.049345,0.060714,0.061416,0.061515 
559200.00,1,0,1,  49.34,44.95,48.46,9793.488281,-7.425,0.059,0.062924,0.037770,0.052539,0.089328,0.125580,0.125864,0.125917 
559200.00,1,0,7,  49.34,44.95,52.45,9791.450195,-1289.000,0.008,0.035967,0.023841,0.038705,0.066508,0.095054,0.095354,0.095412 
559260.00,1,0,1,  48.93,44.54,48.70,9853.488281,-7.659,0.036,0.070621,0.036749,0.051715,0.074869,0.101812,0.102601,0.102717 
559260.00,1,0,7,  48.93,44.54,52.92,9851.450195,-1288.964,0.026,0.043724,0.022603,0.038352,0.055563,0.076742,0.077341,0.077423 
559320.00,1,0,1,  48.57,44.19,48.73,9913.488281,-7.520,0.046,0.073471,0.036592,0.050062,0.067602,0.081300,0.082108,0.082104 
559320.00,1,0,7,  48.57,44.19,52.91,9911.450195,-1288.881,0.016,0.035810,0.022618,0.034958,0.048468,0.059628,0.060235,0.060233 
559380.00,1,0,1,  48.21,43.80,48.44,9973.477539,-7.596,0.046,0.069651,0.037860,0.066077,0.084094,0.106514,0.106791,0.106780 
559380.00,1,0,7,  48.21,43.80,52.51,9971.440430,-1288.884,0.016,0.055882,0.023690,0.043882,0.059602,0.077212,0.077403,0.077393 
559440.00,1,0,1,  47.85,43.42,48.61,10033.477539,-7.443,0.125,0.068117,0.037126,0.064552,0.090846,0.106425,0.106485,0.106477 
559440.00,1,0,7,  47.85,43.42,51.96,10031.440430,-1288.960,0.024,0.044480,0.025227,0.044035,0.065912,0.077437,0.077450,0.077446 
559500.00,1,0,1,  47.51,43.03,48.42,10093.477539,-7.019,0.102,0.054686,0.037920,0.061785,0.081683,0.104171,0.105066,0.105053 
559500.00,1,0,7,  47.51,43.03,51.47,10091.440430,-1289.041,0.025,0.042129,0.026715,0.045101,0.059478,0.076733,0.077361,0.077349 
559560.00,1,0,1,  47.17,42.63,48.63,10153.477539,-6.878,0.046,0.070548,0.037040,0.058376,0.069555,0.089740,0.089823,0.089843 
559560.00,1,0,7,  47.17,42.63,51.47,10151.440430,-1289.127,0.018,0.041229,0.026704,0.044144,0.052678,0.066767,0.066834,0.066846 
559620.00,1,0,1,  46.84,42.24,47.94,10213.477539,-7.243,0.129,0.057145,0.040076,0.060607,0.085400,0.092311,0.092886,0.092873 
559620.00,1,0,7,  46.84,42.24,52.34,10211.440430,-1289.052,0.065,0.120016,0.024157,0.043408,0.063142,0.068492,0.068938,0.068928 
559680.00,1,0,1,  46.52,41.85,47.38,10273.477539,-7.690,0.136,0.051989,0.042750,0.060023,0.074820,0.096948,0.097396,0.097467 
559680.00,1,0,7,  46.52,41.85,53.40,10271.440430,-1288.806,0.058,0.039441,0.021373,0.040715,0.054750,0.072044,0.072427,0.072484 
559740.00,1,0,1,  46.21,41.45,47.46,10333.477539,-8.104,0.063,0.056831,0.042391,0.061232,0.095808,0.127018,0.128200,0.128211 
559740.00,1,0,7,  46.21,41.45,52.47,10331.440430,-1288.744,0.022,0.079792,0.023788,0.044588,0.071679,0.094971,0.095883,0.095903 
559800.00,1,0,1,  45.91,41.06,47.99,10393.477539,-7.777,0.123,0.056317,0.039865,0.057363,0.074464,0.089670,0.091198,0.091480 
559800.00,1,0,7,  45.91,41.06,52.22,10391.440430,-1288.817,0.009,0.051149,0.024484,0.042851,0.055283,0.067372,0.068504,0.068723 
559860.00,1,0,1,  45.62,40.65,47.43,10453.477539,-7.709,0.045,0.071201,0.042542,0.060729,0.081989,0.099700,0.100431,0.100496 
559860.00,1,0,7,  45.62,40.65,52.84,10451.440430,-1288.807,0.005,0.036079,0.022802,0.042902,0.059677,0.072281,0.072847,0.072880 
559920.00,1,0,1,  45.34,40.26,48.69,10513.477539,-7.146,0.270,0.059816,0.036786,0.054176,0.076821,0.093490,0.095309,0.095337 
559920.00,1,0,7,  45.34,40.26,52.56,10511.440430,-1288.826,0.015,0.049966,0.023543,0.041855,0.058213,0.070198,0.071479,0.071501 
559980.00,1,0,1,  45.07,39.86,48.12,10573.477539,-6.675,0.021,0.058515,0.039255,0.058151,0.073877,0.088603,0.089175,0.089513 
559980.00,1,0,7,  45.07,39.86,51.72,10571.440430,-1288.892,0.024,0.042445,0.025958,0.043648,0.054379,0.065347,0.065809,0.066052 
560040.00,1,0,1,  44.80,39.45,48.60,10633.477539,-6.420,0.139,0.081178,0.037159,0.054273,0.071363,0.082001,0.082385,0.082397 
560040.00,1,0,7,  44.80,39.45,51.74,10631.440430,-1288.938,0.006,0.041562,0.025874,0.042986,0.055986,0.063653,0.063981,0.063990 
560100.00,1,0,1,  44.54,39.05,48.43,10693.477539,-6.174,0.047,0.077847,0.037900,0.056646,0.080765,0.094214,0.094900,0.094902 
560100.00,1,0,7,  44.54,39.05,52.23,10691.440430,-1288.893,0.017,0.037364,0.024459,0.043023,0.061835,0.071867,0.072309,0.072307 
560160.00,1,0,1,  44.29,38.64,48.60,10753.477539,-6.362,0.025,0.060207,0.037176,0.055380,0.074713,0.090332,0.090649,0.090640 
560160.00,1,0,7,  44.29,38.64,52.28,10751.440430,-1288.865,0.003,0.034290,0.024327,0.041856,0.055934,0.068515,0.068745,0.068742 
560220.00,1,0,1,  44.05,38.24,48.20,10813.477539,-6.420,0.067,0.115581,0.038903,0.059808,0.082142,0.094711,0.095927,0.095917 
560220.00,1,0,7,  44.05,38.24,52.36,10811.440430,-1288.872,0.005,0.041323,0.024107,0.043811,0.061271,0.071087,0.071982,0.071980 
560280.00,1,0,1,  43.82,37.83,47.34,10873.477539,-6.823,0.112,0.058221,0.042971,0.060694,0.074144,0.089434,0.090207,0.090393 
560280.00,1,0,7,  43.82,37.83,52.78,10871.440430,-1288.823,0.019,0.033289,0.022959,0.040685,0.053091,0.064050,0.064614,0.064759 
560340.00,1,0,1,  43.59,37.42,47.84,10933.477539,-6.916,0.029,0.060361,0.040580,0.062030,0.085219,0.105263,0.105989,0.106063 
560340.00,1,0,7,  43.59,37.42,52.49,10931.440430,-1288.803,0.007,0.043276,0.023739,0.042159,0.061656,0.076151,0.076686,0.076736 
560400.00,1,0,1,  43.37,37.01,47.45,10993.477539,-6.698,0.097,0.067152,0.042447,0.065183,0.083776,0.104358,0.105577,0.105571 
560400.00,1,0,7,  43.37,37.01,52.05,10991.440430,-1288.847,0.014,0.045974,0.024981,0.043219,0.059277,0.075982,0.076863,0.076862 
560460.00,1,0,1,  43.16,36.60,47.53,11053.477539,-6.414,0.062,0.078541,0.042026,0.063239,0.076487,0.094312,0.095026,0.095013 
560460.00,1,0,7,  43.16,36.60,51.61,11051.440430,-1288.883,0.009,0.044170,0.026281,0.043108,0.053781,0.068837,0.069379,0.069369 
560520.00,1,0,1,  42.95,36.19,46.64,11113.477539,-6.560,0.106,0.083017,0.046586,0.071512,0.104166,0.121170,0.121641,0.121633 
560520.00,1,0,7,  42.95,36.19,51.42,11111.440430,-1288.920,0.011,0.036994,0.026870,0.046882,0.074081,0.087988,0.088368,0.088358 
560580.00,1,0,1,  42.76,35.78,46.42,11173.477539,-6.880,0.090,0.079808,0.047775,0.069134,0.084842,0.097583,0.098227,0.098248 
560580.00,1,0,7,  42.76,35.78,51.54,11171.440430,-1288.932,0.010,0.039320,0.026497,0.044366,0.059203,0.069335,0.069842,0.069858 
560640.00,1,0,1,  42.57,35.37,44.75,11233.477539,-7.511,0.313,0.165405,0.057914,0.075497,0.090489,0.106261,0.106996,0.107004 
560640.00,1,0,7,  42.57,35.37,51.32,11231.440430,-1288.884,0.015,0.041776,0.027174,0.043536,0.058361,0.070959,0.071647,0.071649 
560700.00,1,0,1,  42.38,34.95,43.35,11293.477539,-8.691,0.328,0.090593,0.068073,0.083268,0.095055,0.112733,0.112821,0.112819 
560700.00,1,0,7,  42.38,34.95,51.09,11291.440430,-1288.855,0.001,0.041772,0.027895,0.044332,0.055011,0.072440,0.072549,0.072553 
560760.00,1,0,1,  42.20,34.54,42.87,11353.477539,-9.412,0.074,0.105342,0.071919,0.088211,0.093404,0.110719,0.111112,0.111102 
560760.00,1,0,7,  42.20,34.54,51.03,11351.440430,-1288.838,0.010,0.041038,0.028076,0.042621,0.050190,0.068098,0.068597,0.068591 
560820.00,1,0,1,  42.03,34.13,43.88,11413.477539,-9.166,0.195,0.111342,0.063979,0.085049,0.110303,0.138010,0.138841,0.138818 
560820.00,1,0,7,  42.03,34.13,50.79,11411.440430,-1288.806,0.013,0.040116,0.028860,0.047289,0.070712,0.093192,0.093926,0.093914 
560880.00,1,0,1,  41.87,33.72,44.68,11473.477539,-8.236,0.304,0.100940,0.058396,0.077765,0.089601,0.104664,0.105173,0.105174 
560880.00,1,0,7,  41.87,33.72,51.05,11471.440430,-1288.780,0.001,0.043043,0.028024,0.043314,0.054085,0.067194,0.067648,0.067656 
560940.00,1,0,1,  41.71,33.30,45.83,11533.477539,-7.193,0.273,0.096629,0.051147,0.070546,0.083883,0.093093,0.093290,0.093302 
560940.00,1,0,7,  41.71,33.30,51.57,11531.440430,-1288.773,0.003,0.037648,0.026406,0.041982,0.054563,0.062001,0.062114,0.062122 
561000.00,1,0,1,  41.56,32.89,46.22,11593.477539,-6.615,0.092,0.078507,0.048870,0.069356,0.087342,0.122630,0.124047,0.124362 
561000.00,1,0,7,  41.56,32.89,51.36,11591.440430,-1288.767,0.004,0.046973,0.027031,0.043567,0.059083,0.085850,0.086886,0.087110 
561060.00,1,0,1,  41.41,32.47,46.21,11653.477539,-6.289,0.135,0.092891,0.048955,0.065401,0.084426,0.092237,0.092662,0.092659 
561060.00,1,0,7,  41.41,32.47,50.91,11651.440430,-1288.807,0.021,0.064321,0.028471,0.042721,0.057511,0.063460,0.063776,0.063780 
561120.00,1,0,1,  41.28,32.06,47.11,11713.477539,-5.837,0.111,0.059142,0.044129,0.062669,0.086601,0.114795,0.115876,0.115860 
561120.00,1,0,7,  41.28,32.06,50.09,11711.440430,-1288.886,0.020,0.050108,0.031284,0.046736,0.064873,0.086681,0.087559,0.087545 
561180.00,1,0,1,  41.14,31.64,46.46,11773.477539,-5.735,0.067,0.084284,0.047554,0.061271,0.076181,0.092100,0.092685,0.092685 
561180.00,1,0,7,  41.14,31.64,49.93,11771.440430,-1288.920,0.003,0.045577,0.031880,0.045824,0.058258,0.069312,0.069726,0.069720 
561240.00,1,0,1,  41.02,31.23,45.92,11833.477539,-6.023,0.077,0.060252,0.050574,0.061892,0.082868,0.104642,0.105467,0.105472 
561240.00,1,0,7,  41.02,31.23,50.04,11831.440430,-1288.915,0.003,0.044848,0.031492,0.046751,0.063045,0.078964,0.079568,0.079581 
561300.00,1,0,1,  40.89,30.82,45.70,11893.477539,-6.346,0.117,0.076003,0.051887,0.063449,0.082951,0.114578,0.115566,0.115949 
561300.00,1,0,7,  40.89,30.82,49.91,11891.440430,-1288.914,0.002,0.046858,0.031946,0.047284,0.061865,0.084642,0.085364,0.085596 
561360.00,1,0,1,  40.78,30.40,45.49,11953.477539,-6.650,0.031,0.065659,0.053172,0.063252,0.070565,0.086284,0.086382,0.086384 
561360.00,1,0,7,  40.78,30.40,49.63,11951.440430,-1288.903,0.013,0.049076,0.032989,0.046881,0.052778,0.064646,0.064693,0.064702 
561420.00,1,0,1,  40.67,29.99,45.54,12013.477539,-6.467,0.112,0.072736,0.052886,0.062274,0.075519,0.094123,0.094999,0.094988 
561420.00,1,0,7,  40.67,29.99,49.23,12011.440430,-1288.869,0.009,0.057592,0.034554,0.048028,0.057832,0.071304,0.071832,0.071822 
561480.00,1,0,1,  40.56,29.57,45.57,12073.477539,-6.232,0.024,0.081167,0.052704,0.063574,0.087370,0.113622,0.114789,0.114857 
561480.00,1,0,7,  40.56,29.57,48.84,12071.440430,-1288.855,0.003,0.064404,0.036134,0.051857,0.068953,0.088863,0.089803,0.089865 
561540.00,1,0,1,  40.46,29.16,44.76,12133.477539,-6.423,0.055,0.072241,0.057820,0.066348,0.090386,0.124753,0.125138,0.125124 
561540.00,1,0,7,  40.46,29.16,48.56,12131.440430,-1288.857,0.005,0.052842,0.037312,0.052424,0.070389,0.096803,0.097178,0.097162 
561600.00,1,0,1,  40.37,28.74,44.85,12193.477539,-6.268,0.097,0.072401,0.057204,0.062470,0.078183,0.095216,0.095904,0.096001 
561600.00,1,0,7,  40.37,28.74,48.65,12191.440430,-1288.836,0.012,0.052446,0.036940,0.049390,0.061197,0.073005,0.073487,0.073556 
561660.00,1,0,1,  40.28,28.33,45.21,12253.477539,-5.853,0.125,0.065462,0.054915,0.063088,0.080984,0.102857,0.103365,0.103472 
561660.00,1,0,7,  40.28,28.33,48.67,12251.440430,-1288.832,0.009,0.054117,0.036867,0.049422,0.063369,0.079675,0.080047,0.080091 
561720.00,1,0,1,  40.19,27.92,44.55,12313.477539,-5.680,0.066,0.083974,0.059243,0.065774,0.084481,0.109174,0.109295,0.109805 
561720.00,1,0,7,  40.19,27.92,48.80,12311.440430,-1288.865,0.017,0.052171,0.036334,0.049892,0.063190,0.082266,0.082416,0.082842 
561780.00,1,0,1,  40.11,27.50,44.46,12373.477539,-6.075,0.106,0.074412,0.059863,0.067327,0.085265,0.105765,0.106474,0.106675 
561780.00,1,0,7,  40.11,27.50,48.85,12371.440430,-1288.880,0.006,0.051178,0.036090,0.048239,0.060701,0.077071,0.077675,0.077860 
561840.00,1,0,1,  40.04,27.09,44.68,12433.477539,-6.283,0.029,0.067466,0.058402,0.063762,0.082250,0.110478,0.110933,0.111732 
561840.00,1,0,7,  40.04,27.09,48.98,12431.440430,-1288.852,0.012,0.051007,0.035576,0.047951,0.061956,0.082478,0.082790,0.083375 
561900.00,1,0,1,  39.97,26.68,44.43,12493.477539,-6.344,0.013,0.084608,0.060076,0.066847,0.094844,0.123370,0.123907,0.123981 
561900.00,1,0,7,  39.97,26.68,48.66,12491.440430,-1288.828,0.003,0.058053,0.036897,0.051400,0.073079,0.094480,0.094815,0.094881 
561960.00,1,0,1,  39.90,26.26,43.71,12553.477539,-6.262,0.050,0.078386,0.065267,0.068740,0.086914,0.099669,0.099964,0.099998 
561960.00,1,0,7,  39.90,26.26,48.27,12551.440430,-1288.846,0.010,0.065074,0.038619,0.050939,0.064349,0.072179,0.072386,0.072408 
562020.00,1,0,1,  39.84,25.85,43.85,12613.477539,-5.984,0.101,0.075532,0.064229,0.065372,0.077681,0.081975,0.082210,0.082234 
562020.00,1,0,7,  39.84,25.85,48.26,12611.440430,-1288.857,0.011,0.056016,0.038658,0.051626,0.060615,0.063226,0.063333,0.063349 
562080.00,1,0,1,  39.79,25.44,43.84,12673.477539,-5.814,0.080,0.098444,0.064283,0.069151,0.084885,0.088118,0.089473,0.089468 
562080.00,1,0,7,  39.79,25.44,47.96,12671.440430,-1288.809,0.021,0.055827,0.039981,0.051554,0.062411,0.065173,0.066236,0.066240 
562140.00,1,0,1,  39.74,25.03,43.07,12733.477539,-6.247,0.144,0.111660,0.070262,0.073521,0.094778,0.111509,0.111651,0.111690 
562140.00,1,0,7,  39.74,25.03,47.63,12731.440430,-1288.745,0.012,0.059184,0.041535,0.051963,0.067024,0.081888,0.081983,0.082002 
562200.00,1,0,1,  39.69,24.62,42.51,12793.477539,-6.585,0.054,0.086949,0.074996,0.075384,0.090305,0.104695,0.104849,0.105078 
562200.00,1,0,7,  39.69,24.62,47.68,12791.440430,-1288.722,0.005,0.057395,0.041320,0.051578,0.064152,0.076154,0.076410,0.076624 
562260.00,1,0,1,  39.65,24.21,42.31,12853.477539,-6.765,0.075,0.117717,0.076745,0.074535,0.087349,0.113020,0.113161,0.113195 
562260.00,1,0,7,  39.65,24.21,47.60,12851.440430,-1288.735,0.008,0.064612,0.041698,0.052023,0.062918,0.084992,0.085132,0.085178 
562320.00,1,0,1,  39.61,23.80,40.92,12913.477539,-7.214,0.171,0.172581,0.090066,0.082756,0.092134,0.110259,0.111436,0.111477 
562320.00,1,0,7,  39.61,23.80,47.17,12911.440430,-1288.761,0.006,0.064139,0.043812,0.053708,0.061058,0.076873,0.077825,0.077851 
562380.00,1,0,1,  39.58,23.39,40.35,12973.477539,-7.750,0.129,0.126389,0.096136,0.088795,0.097018,0.112760,0.113016,0.113079 
562380.00,1,0,7,  39.58,23.39,46.74,12971.440430,-1288.762,0.004,0.076727,0.046052,0.055676,0.064142,0.077332,0.077573,0.077609 
562440.00,1,0,1,  39.55,22.99,41.37,13033.477539,-7.852,0.065,0.127151,0.085527,0.083352,0.094420,0.103479,0.103823,0.103886 
562440.00,1,0,7,  39.55,22.99,46.34,13031.440430,-1288.745,0.008,0.067772,0.048192,0.056938,0.064791,0.072399,0.072622,0.072677 
562500.00,1,0,1,  39.53,22.58,42.31,13093.477539,-7.535,0.134,0.095657,0.076673,0.075480,0.093750,0.116347,0.116805,0.116785 
562500.00,1,0,7,  39.53,22.58,46.19,13091.440430,-1288.724,0.005,0.072040,0.049075,0.056350,0.067689,0.084263,0.084550,0.084537 
562560.00,1,0,1,  39.50,22.17,42.30,13153.477539,-6.975,0.196,0.088298,0.076817,0.071881,0.088733,0.098863,0.099513,0.099499 
562560.00,1,0,7,  39.50,22.17,47.02,13151.440430,-1288.718,0.005,0.071143,0.044601,0.053689,0.066907,0.074199,0.074711,0.074706 
562620.00,1,0,1,  39.49,21.76,42.20,13213.477539,-6.286,0.220,0.092770,0.077677,0.071606,0.086218,0.096832,0.097147,0.097151 
562620.00,1,0,7,  39.49,21.76,47.09,13211.440430,-1288.706,0.005,0.068608,0.044233,0.049806,0.059858,0.067817,0.068034,0.068056 
562680.00,1,0,1,  39.48,21.36,43.05,13273.477539,-5.473,0.193,0.104760,0.070442,0.068057,0.080530,0.094627,0.095615,0.095712 
562680.00,1,0,7,  39.48,21.36,48.11,13271.440430,-1288.664,0.019,0.073549,0.039321,0.048177,0.056645,0.068170,0.068909,0.068988 
562740.00,1,0,1,  39.47,20.95,43.56,13333.477539,-4.967,0.093,0.080712,0.066433,0.064586,0.080349,0.098984,0.099795,0.099822 
562740.00,1,0,7,  39.47,20.95,49.02,13331.440430,-1288.610,0.013,0.081891,0.035399,0.045515,0.057492,0.070868,0.071436,0.071461 
562800.00,1,0,1,  39.46,20.55,43.04,13393.477539,-4.778,0.020,0.097394,0.070549,0.071457,0.095392,0.128600,0.129894,0.130249 
562800.00,1,0,7,  39.46,20.55,49.71,13391.440430,-1288.572,0.004,0.058975,0.032708,0.045332,0.064756,0.091585,0.092636,0.092927 
562860.00,1,0,1,  39.46,20.14,42.61,13453.477539,-4.970,0.140,0.092756,0.074105,0.071948,0.091753,0.116401,0.116769,0.117171 
562860.00,1,0,7,  39.46,20.14,49.91,13451.440430,-1288.563,0.003,0.046293,0.031945,0.044393,0.062743,0.082680,0.083038,0.083355 
562920.00,1,0,1,  39.46,19.75,42.39,13513.477539,-5.489,0.178,0.098492,0.075977,0.073474,0.094569,0.104236,0.104356,0.104347 
562920.00,1,0,7,  39.46,19.75,50.22,13511.440430,-1288.566,0.004,0.044203,0.030829,0.042137,0.060882,0.069298,0.069473,0.069463 
562980.00,1,0,1,  39.47,19.34,42.27,13573.477539,-5.747,0.049,0.101077,0.077024,0.078097,0.091255,0.105365,0.105823,0.106081 
562980.00,1,0,7,  39.47,19.34,49.77,13571.440430,-1288.532,0.015,0.050028,0.032468,0.043792,0.054294,0.067711,0.068099,0.068293 
563040.00,1,0,1,  39.48,18.94,42.00,13633.477539,-5.924,0.058,0.140011,0.079529,0.084498,0.106249,0.134868,0.135298,0.135839 
563040.00,1,0,7,  39.48,18.94,49.28,13631.440430,-1288.478,0.017,0.060129,0.034350,0.045326,0.066215,0.090777,0.091178,0.091653 
563100.00,1,0,1,  39.50,18.54,40.33,13693.477539,-6.272,0.147,0.201441,0.096366,0.099110,0.109123,0.126971,0.126965,0.126949 
563100.00,1,0,7,  39.50,18.54,48.86,13691.440430,-1288.437,0.006,0.061714,0.036081,0.046506,0.056004,0.073520,0.073531,0.073519 
563160.00,1,0,1,  39.51,18.14,39.01,13753.477539,-6.873,0.152,0.160127,0.112200,0.114245,0.122211,0.133044,0.133373,0.133420 
563160.00,1,0,7,  39.51,18.14,47.74,13751.440430,-1288.449,0.018,0.092808,0.041034,0.048536,0.056367,0.070068,0.070349,0.070408 
563220.00,1,0,1,  39.53,17.74,38.72,13813.477539,-7.159,0.048,0.162931,0.116099,0.119287,0.134370,0.141228,0.141790,0.141766 
563220.00,1,0,7,  39.53,17.74,46.89,13811.440430,-1288.522,0.018,0.071519,0.045249,0.052269,0.070644,0.078265,0.078987,0.078975 
563280.00,1,0,1,  39.56,17.35,38.67,13873.477539,-7.238,0.051,0.168795,0.116682,0.122979,0.134852,0.150273,0.150869,0.150862 
563280.00,1,0,7,  39.56,17.35,46.16,13871.440430,-1288.598,0.023,0.087586,0.049219,0.055560,0.067489,0.082578,0.083071,0.083070 
563340.00,1,0,1,  39.59,16.95,38.52,13933.477539,-7.520,0.078,0.181016,0.118798,0.123948,0.132331,0.136092,0.136987,0.136971 
563340.00,1,0,7,  39.59,16.95,45.17,13931.440430,-1288.638,0.008,0.114880,0.055158,0.060934,0.069480,0.073220,0.074231,0.074220 
563400.00,1,0,1,  39.62,16.55,38.78,13993.477539,-7.534,0.037,0.157071,0.115261,0.117115,0.130244,0.137245,0.137724,0.137720 
563400.00,1,0,7,  39.62,16.55,44.32,13991.440430,-1288.655,0.014,0.091041,0.060866,0.065232,0.078951,0.084487,0.084919,0.084917 
563460.00,1,0,1,  39.65,16.16,39.79,14053.477539,-7.179,0.201,0.168367,0.102632,0.100457,0.120243,0.150198,0.150602,0.150578 
563460.00,1,0,7,  39.65,16.16,43.87,14051.440430,-1288.622,0.008,0.113109,0.064103,0.069928,0.086266,0.106985,0.107253,0.107236 
563520.00,1,0,1,  39.69,15.76,41.91,14113.477539,-6.234,0.317,0.156096,0.080323,0.080479,0.093636,0.101405,0.101547,0.101532 
563520.00,1,0,7,  39.69,15.76,44.14,14111.440430,-1288.574,0.022,0.090520,0.062115,0.066555,0.075568,0.081815,0.081861,0.081851 
563580.00,1,0,1,  39.73,15.37,43.26,14173.467773,-5.291,0.252,0.105615,0.068741,0.073357,0.099825,0.125932,0.126631,0.126760 
563580.00,1,0,7,  39.73,15.37,44.05,14171.429688,-1288.554,0.006,0.098814,0.062756,0.076263,0.092447,0.109857,0.110214,0.110269 
563640.00,1,0,1,  39.78,14.98,43.18,14233.467773,-4.901,0.026,0.112026,0.069365,0.080479,0.091931,0.109819,0.110155,0.110294 
563640.00,1,0,7,  39.78,14.98,44.05,14231.429688,-1288.537,0.007,0.091886,0.062798,0.082391,0.089641,0.101095,0.101378,0.101439 
563700.00,1,0,1,  39.83,14.59,42.58,14293.467773,-5.110,0.138,0.110553,0.074389,0.086174,0.094582,0.104463,0.104479,0.104689 
563700.00,1,0,7,  39.83,14.59,44.32,14291.429688,-1288.562,0.007,0.121119,0.060855,0.079811,0.084887,0.091141,0.091152,0.091259 
563760.00,1,0,1,  39.88,14.20,41.62,14353.467773,-5.513,0.065,0.129442,0.083082,0.095115,0.101806,0.108292,0.108484,0.108466 
563760.00,1,0,7,  39.88,14.20,44.70,14351.429688,-1288.560,0.007,0.088087,0.058210,0.074875,0.079273,0.083515,0.083625,0.083611 
563820.00,1,0,1,  39.93,13.81,40.54,14413.467773,-5.499,0.068,0.113335,0.094042,0.100901,0.112214,0.119915,0.120094,0.120075 
563820.00,1,0,7,  39.93,13.81,45.00,14411.429688,-1288.585,0.007,0.081247,0.056228,0.074904,0.083163,0.089107,0.089201,0.089190 
563880.00,1,0,1,  39.99,13.42,40.00,14473.467773,-5.322,0.034,0.170751,0.100099,0.107564,0.122063,0.154891,0.155461,0.155483 
563880.00,1,0,7,  39.99,13.42,45.43,14471.429688,-1288.605,0.005,0.096828,0.053554,0.073518,0.084187,0.110283,0.110710,0.110723 
563940.00,1,0,1,  40.05,13.03,38.27,14533.467773,-5.432,0.069,0.152949,0.122213,0.132258,0.137242,0.141096,0.141054,0.141035 
563940.00,1,0,7,  40.05,13.03,46.05,14531.429688,-1288.566,0.013,0.073567,0.049857,0.065321,0.070110,0.075274,0.075272,0.075262 
564000.00,1,0,1,  40.12,12.65,37.48,14593.467773,-5.811,0.094,0.239526,0.134011,0.146236,0.162409,0.181537,0.182527,0.182550 
564000.00,1,0,7,  40.12,12.65,46.50,14591.429688,-1288.535,0.008,0.081172,0.047321,0.065530,0.079999,0.099630,0.100399,0.100426 
564060.00,1,0,1,  40.19,12.26,36.16,14653.467773,-6.210,0.055,0.186907,0.156144,0.162812,0.170200,0.173498,0.174037,0.174014 
564060.00,1,0,7,  40.19,12.26,47.30,14651.429688,-1288.482,0.018,0.063383,0.043170,0.059568,0.072062,0.077232,0.077921,0.077909 
564120.00,1,0,1,  40.26,11.88,36.47,14713.467773,-6.310,0.133,0.206937,0.150543,0.153613,0.158353,0.166837,0.167315,0.167311 
564120.00,1,0,7,  40.26,11.88,47.98,14711.429688,-1288.417,0.020,0.067938,0.039889,0.056948,0.063626,0.074600,0.075114,0.075107 
564180.00,1,0,1,  40.33,11.50,37.96,14773.467773,-6.385,0.057,0.150380,0.126663,0.123189,0.134985,0.152439,0.152566,0.153142 
564180.00,1,0,7,  40.33,11.50,48.32,14771.429688,-1288.351,0.015,0.058722,0.038365,0.055354,0.069975,0.086957,0.087158,0.087643 
564240.00,1,0,1,  40.40,11.11,37.99,14833.467773,-6.097,0.199,0.145857,0.126343,0.125728,0.138520,0.164903,0.165461,0.165716 
564240.00,1,0,7,  40.40,11.11,48.26,14831.429688,-1288.321,0.005,0.059731,0.038660,0.054292,0.067827,0.096055,0.096677,0.096997 
564300.00,1,0,1,  40.49,10.71,39.50,14893.467773,-5.331,0.250,0.180312,0.106096,0.110549,0.124397,0.145214,0.145597,0.145685 
564300.00,1,0,7,  40.49,10.71,48.23,14891.429688,-1288.308,0.002,0.061648,0.038785,0.055742,0.070488,0.089916,0.090359,0.090431 
564360.00,1,0,1,  40.56,10.36,40.22,14953.467773,-4.495,0.171,0.122040,0.097670,0.101533,0.120309,0.134832,0.135222,0.135237 
564360.00,1,0,7,  40.56,10.36,48.45,14951.429688,-1288.293,0.004,0.057375,0.037796,0.054238,0.072985,0.085817,0.086162,0.086186 
564420.00,1,0,1,  40.65, 9.98,40.81,15013.467773,-4.019,0.109,0.121865,0.091139,0.095806,0.113589,0.139888,0.140483,0.140664 
564420.00,1,0,7,  40.65, 9.98,48.34,15011.429688,-1288.274,0.004,0.065458,0.038308,0.055719,0.073663,0.095464,0.096009,0.096153 
564480.00,1,0,1,  40.74, 9.60,41.57,15073.467773,-3.817,0.049,0.105773,0.083513,0.086061,0.096055,0.111472,0.111755,0.111952 
564480.00,1,0,7,  40.74, 9.60,48.73,15071.429688,-1288.277,0.003,0.053633,0.036620,0.052458,0.062480,0.075801,0.076009,0.076199 
564540.00,1,0,1,  40.83, 9.22,40.96,15133.467773,-3.838,0.085,0.119328,0.089641,0.092816,0.104817,0.125319,0.125759,0.125746 
564540.00,1,0,7,  40.83, 9.22,48.56,15131.429688,-1288.284,0.002,0.060076,0.037327,0.053451,0.065392,0.084164,0.084582,0.084579 
564600.00,1,0,1,  40.92, 8.85,41.10,15193.467773,-4.095,0.046,0.114665,0.088180,0.088745,0.098838,0.111394,0.111529,0.111785 
564600.00,1,0,7,  40.92, 8.85,48.74,15191.429688,-1288.289,0.001,0.053738,0.036559,0.050895,0.062030,0.074028,0.074198,0.074380 
564660.00,1,0,1,  41.02, 8.47,40.89,15253.467773,-4.178,0.019,0.106995,0.090356,0.090741,0.109951,0.133364,0.134950,0.134972 
564660.00,1,0,7,  41.02, 8.47,48.62,15251.429688,-1288.286,0.003,0.059375,0.037080,0.052542,0.068328,0.088025,0.089282,0.089293 
564720.00,1,0,1,  41.12, 8.10,41.67,15313.467773,-3.840,0.163,0.103333,0.082575,0.085634,0.100494,0.116050,0.116345,0.116346 
564720.00,1,0,7,  41.12, 8.10,48.68,15311.429688,-1288.275,0.007,0.060459,0.036821,0.052500,0.065105,0.078246,0.078490,0.078499 
564780.00,1,0,1,  41.22, 7.73,41.62,15373.467773,-3.377,0.112,0.106663,0.083045,0.088331,0.096240,0.108458,0.108794,0.108784 
564780.00,1,0,7,  41.22, 7.73,48.27,15371.429688,-1288.231,0.015,0.078245,0.038607,0.051659,0.059424,0.070393,0.070667,0.070676 
564840.00,1,0,1,  41.32, 7.36,41.54,15433.467773,-3.115,0.042,0.117389,0.083781,0.113182,0.134938,0.175846,0.175763,0.175736 
564840.00,1,0,7,  41.32, 7.36,48.30,15431.429688,-1288.172,0.017,0.076310,0.038476,0.071644,0.090428,0.124103,0.124068,0.124047 
564900.00,1,0,1,  41.43, 6.99,41.17,15493.467773,-3.109,0.070,0.136920,0.087438,0.093998,0.102463,0.118707,0.118863,0.118890 
564900.00,1,0,7,  41.43, 6.99,47.90,15491.429688,-1288.131,0.008,0.068987,0.040298,0.055444,0.064576,0.076784,0.076965,0.076990 
564960.00,1,0,1,  41.54, 6.61,40.11,15553.467773,-3.464,0.110,0.132869,0.098916,0.098891,0.112295,0.128242,0.128563,0.128557 
564960.00,1,0,7,  41.54, 6.61,47.39,15551.429688,-1288.094,0.014,0.072286,0.042714,0.056940,0.068209,0.082570,0.082873,0.082879 
565020.00,1,0,1,  41.65, 6.25,39.37,15613.467773,-3.962,0.166,0.161566,0.107727,0.105326,0.116543,0.140528,0.141092,0.141342 
565020.00,1,0,7,  41.65, 6.25,47.14,15611.429688,-1288.048,0.012,0.113071,0.043971,0.058560,0.070251,0.091764,0.092196,0.092370 
565080.00,1,0,1,  41.77, 5.89,39.18,15673.467773,-4.258,0.054,0.174277,0.110113,0.105736,0.116469,0.128868,0.129215,0.129201 
565080.00,1,0,7,  41.77, 5.89,46.79,15671.429688,-1288.020,0.005,0.117376,0.045787,0.058628,0.069210,0.079953,0.080183,0.080171 
565140.00,1,0,1,  41.88, 5.52,38.75,15733.467773,-4.134,0.177,0.141947,0.115613,0.114355,0.121331,0.143331,0.143357,0.143390 
565140.00,1,0,7,  41.88, 5.52,45.98,15731.429688,-1288.004,0.007,0.087792,0.050246,0.064579,0.072297,0.092565,0.092627,0.092671 
565200.00,1,0,1,  42.00, 5.16,38.47,15793.467773,-3.479,0.211,0.174437,0.119491,0.125286,0.130766,0.135758,0.136104,0.136149 
565200.00,1,0,7,  42.00, 5.16,45.27,15791.429688,-1287.980,0.005,0.143590,0.054547,0.068141,0.074777,0.079639,0.079983,0.080089 
